township_pcode_idx,township_pcode,name_en,name_mm,region_pcode_idx,region_pcode,am_constituency_number,am_constituency
1001,MMR001001,Myitkyina,မြစ်ကြီးနား,1,MMR001,2,ကချင်ပြည်နယ်
1002,MMR001002,Waingmaw,ဝိုင်းမော်,1,MMR001,3,ကချင်ပြည်နယ်
1003,MMR001003,Injangyang,အင်ဂျန်းယန်,1,MMR001,5,ကချင်ပြည်နယ်
1004,MMR001004,Tanai,တနိုင်း,1,MMR001,4,ကချင်ပြည်နယ်
1005,MMR001005,Chipwi,ချီဖွေ,1,MMR001,5,ကချင်ပြည်နယ်
1006,MMR001006,Tsawlaw,ဆော့လော်,1,MMR001,5,ကချင်ပြည်နယ်
1007,MMR001007,Mohnyin,မိုးညှင်း,1,MMR001,,
1008,MMR001008,Mogaung,မိုးကောင်း,1,MMR001,8,ကချင်ပြည်နယ်
1009,MMR001009,Hpakant,ဖားကန့်,1,MMR001,9,ကချင်ပြည်နယ်
1010,MMR001010,Bhamo,ဗန်းမော်,1,MMR001,10,ကချင်ပြည်နယ်
1011,MMR001011,Shwegu,ရွှေကူ,1,MMR001,12,ကချင်ပြည်နယ်
1012,MMR001012,Momauk,မိုးမောက်,1,MMR001,11,ကချင်ပြည်နယ်
1013,MMR001013,Mansi,မံစီ,1,MMR001,12,ကချင်ပြည်နယ်
1014,MMR001014,Puta-O,ပူတာအို,1,MMR001,1,ကချင်ပြည်နယ်
1015,MMR001015,Sumprabum,ဆွမ်ပရာဘွမ်,1,MMR001,1,ကချင်ပြည်နယ်
1016,MMR001016,Machanbaw,မချမ်းဘော,1,MMR001,1,ကချင်ပြည်နယ်
1017,MMR001017,Nawngmun,နောင်မွန်း,1,MMR001,1,ကချင်ပြည်နယ်
1018,MMR001018,Khaunglanhpu,ခေါင်လန်ဖူး,1,MMR001,1,ကချင်ပြည်နယ်
2001,MMR002001,Loikaw,လွိုင်ကော်,2,MMR002,,
2002,MMR002002,Demoso,ဒီမောဆို,2,MMR002,,
2003,MMR002003,Hpruso,ဖရူဆို,2,MMR002,,
2004,MMR002004,Shadaw,ရှားတော,2,MMR002,7,ကယားပြည်နယ်
2005,MMR002005,Bawlakhe,ဘောလခဲ,2,MMR002,,
2006,MMR002006,Hpasawng,ဖားဆောင်း,2,MMR002,,
2007,MMR002007,Mese,မယ်စဲ့,2,MMR002,12,ကယားပြည်နယ်
3001,MMR003001,Hpa-An,ဘားအံ,3,MMR003,,
3002,MMR003002,Hlaingbwe,လှိုင်းဘွဲ့,3,MMR003,,
3003,MMR003003,Hpapun,ဖာပွန်,3,MMR003,,
3004,MMR003004,Thandaunggyi,သံတောင်ကြီး,3,MMR003,7,ကရင်ပြည်နယ်
3005,MMR003005,Myawaddy,မြဝတီ,3,MMR003,8,ကရင်ပြည်နယ်
3006,MMR003006,Kawkareik,ကော့ကရိတ်,3,MMR003,,
3007,MMR003007,Kyainseikgyi,ကြာအင်းဆိပ်ကြီး,3,MMR003,,
4001,MMR004001,Falam,ဖလမ်း,4,MMR004,4,ချင်းပြည်နယ်
4002,MMR004002,Hakha,ဟားခါး,4,MMR004,,
4003,MMR004003,Thantlang,ထန်တလန်,4,MMR004,3,ချင်းပြည်နယ်
4004,MMR004004,Tedim,တီးတိန်,4,MMR004,,
4005,MMR004005,Tonzang,တွန်းဇံ,4,MMR004,7,ချင်းပြည်နယ်
4006,MMR004006,Mindat,မင်းတပ်,4,MMR004,8,ချင်းပြည်နယ်
4007,MMR004007,Matupi,မတူပီ,4,MMR004,10,ချင်းပြည်နယ်
4008,MMR004008,Kanpetlet,ကန်ပက်လက်,4,MMR004,9,ချင်းပြည်နယ်
4009,MMR004009,Paletwa,ပလက်ဝ,4,MMR004,,
5001,MMR005001,Sagaing,စစ်ကိုင်း,5,MMR005,1,စစ်ကိုင်းတိုင်းဒေသကြီး
5002,MMR005002,Myinmu,မြင်းမူ,5,MMR005,1,စစ်ကိုင်းတိုင်းဒေသကြီး
5003,MMR005003,Myaung,မြောင်,5,MMR005,1,စစ်ကိုင်းတိုင်းဒေသကြီး
5004,MMR005004,Shwebo,ရွှေဘို,5,MMR005,2,စစ်ကိုင်းတိုင်းဒေသကြီး
5005,MMR005005,Khin-U,ခင်ဦး,5,MMR005,2,စစ်ကိုင်းတိုင်းဒေသကြီး
5006,MMR005006,Wetlet,ဝက်လက်,5,MMR005,2,စစ်ကိုင်းတိုင်းဒေသကြီး
5007,MMR005007,Kanbalu,ကန့်ဘလူ,5,MMR005,3,စစ်ကိုင်းတိုင်းဒေသကြီး
5008,MMR005008,Kyunhla,ကျွန်းလှ,5,MMR005,3,စစ်ကိုင်းတိုင်းဒေသကြီး
5009,MMR005009,Ye-U,ရေဦး,5,MMR005,3,စစ်ကိုင်းတိုင်းဒေသကြီး
5010,MMR005010,Tabayin,ဒီပဲယင်း,5,MMR005,2,စစ်ကိုင်းတိုင်းဒေသကြီး
5011,MMR005011,Taze,တန့်ဆည်,5,MMR005,3,စစ်ကိုင်းတိုင်းဒေသကြီး
5012,MMR005012,Monywa,မုံရွာ,5,MMR005,4,စစ်ကိုင်းတိုင်းဒေသကြီး
5013,MMR005013,Budalin,ဘုတလင်,5,MMR005,4,စစ်ကိုင်းတိုင်းဒေသကြီး
5014,MMR005014,Ayadaw,အရာတော်,5,MMR005,4,စစ်ကိုင်းတိုင်းဒေသကြီး
5015,MMR005015,Chaung-U,ချောင်းဦး,5,MMR005,4,စစ်ကိုင်းတိုင်းဒေသကြီး
5016,MMR005016,Yinmarbin,ယင်းမာပင်,5,MMR005,5,စစ်ကိုင်းတိုင်းဒေသကြီး
5017,MMR005017,Kani,ကနီ,5,MMR005,5,စစ်ကိုင်းတိုင်းဒေသကြီး
5018,MMR005018,Salingyi,ဆားလင်းကြီး,5,MMR005,5,စစ်ကိုင်းတိုင်းဒေသကြီး
5019,MMR005019,Pale,ပုလဲ,5,MMR005,5,စစ်ကိုင်းတိုင်းဒေသကြီး
5020,MMR005020,Katha,ကသာ,5,MMR005,6,စစ်ကိုင်းတိုင်းဒေသကြီး
5021,MMR005021,Indaw,အင်းတော်,5,MMR005,6,စစ်ကိုင်းတိုင်းဒေသကြီး
5022,MMR005022,Tigyaing,ထီးချိုင့်,5,MMR005,6,စစ်ကိုင်းတိုင်းဒေသကြီး
5023,MMR005023,Banmauk,ဗန်းမောက်,5,MMR005,7,စစ်ကိုင်းတိုင်းဒေသကြီး
5024,MMR005024,Kawlin,ကောလင်း,5,MMR005,7,စစ်ကိုင်းတိုင်းဒေသကြီး
5025,MMR005025,Wuntho,ဝန်းသို,5,MMR005,7,စစ်ကိုင်းတိုင်းဒေသကြီး
5026,MMR005026,Pinlebu,ပင်လည်ဘူး,5,MMR005,7,စစ်ကိုင်းတိုင်းဒေသကြီး
5027,MMR005027,Kale,ကလေး,5,MMR005,8,စစ်ကိုင်းတိုင်းဒေသကြီး
5028,MMR005028,Kalewa,ကလေးဝ,5,MMR005,8,စစ်ကိုင်းတိုင်းဒေသကြီး
5029,MMR005029,Mingin,မင်းကင်း,5,MMR005,8,စစ်ကိုင်းတိုင်းဒေသကြီး
5030,MMR005030,Tamu,တမူး,5,MMR005,9,စစ်ကိုင်းတိုင်းဒေသကြီး
5031,MMR005031,Mawlaik,မော်လိုက်,5,MMR005,10,စစ်ကိုင်းတိုင်းဒေသကြီး
5032,MMR005032,Paungbyin,ဖောင်းပြင်,5,MMR005,10,စစ်ကိုင်းတိုင်းဒေသကြီး
5033,MMR005033,Hkamti,ခန္တီး,5,MMR005,11,စစ်ကိုင်းတိုင်းဒေသကြီး
5034,MMR005034,Homalin,ဟုမ္မလင်း,5,MMR005,11,စစ်ကိုင်းတိုင်းဒေသကြီး
5035,MMR005035,Lay Shi,လေရှီး,5,MMR005,12,စစ်ကိုင်းတိုင်းဒေသကြီး
5036,MMR005036,Lahe,လဟယ်,5,MMR005,12,စစ်ကိုင်းတိုင်းဒေသကြီး
5037,MMR005037,Nanyun,နန်းယွန်း,5,MMR005,12,စစ်ကိုင်းတိုင်းဒေသကြီး
6001,MMR006001,Dawei,ထားဝယ်,6,MMR006,1,တနင်္သာရီတိုင်းဒေသကြီး
6002,MMR006002,Launglon,လောင်းလုံ,6,MMR006,2,တနင်္သာရီတိုင်းဒေသကြီး
6003,MMR006003,Thayetchaung,သရက်ချောင်း,6,MMR006,3,တနင်္သာရီတိုင်းဒေသကြီး
6004,MMR006004,Yebyu,ရေဖြူ,6,MMR006,4,တနင်္သာရီတိုင်းဒေသကြီး
6005,MMR006005,Myeik,မြိတ်,6,MMR006,,
6006,MMR006006,Kyunsu,ကျွန်းစု,6,MMR006,,
6007,MMR006007,Palaw,ပုလော,6,MMR006,9,တနင်္သာရီတိုင်းဒေသကြီး
6008,MMR006008,Tanintharyi,တနင်္သာရီ,6,MMR006,10,တနင်္သာရီတိုင်းဒေသကြီး
6009,MMR006009,Kawthoung,ကော့သောင်း,6,MMR006,11,တနင်္သာရီတိုင်းဒေသကြီး
6010,MMR006010,Bokpyin,ဘုတ်ပြင်း,6,MMR006,12,တနင်္သာရီတိုင်းဒေသကြီး
7001,MMR007001,Bago,ပဲခူး,7,MMR007,1,ပဲခူးတိုင်းဒေသကြီး
7002,MMR007002,Thanatpin,သနပ်ပင်,7,MMR007,2,ပဲခူးတိုင်းဒေသကြီး
7003,MMR007003,Kawa,ကဝ,7,MMR007,2,ပဲခူးတိုင်းဒေသကြီး
7004,MMR007004,Waw,ဝေါ,7,MMR007,3,ပဲခူးတိုင်းဒေသကြီး
7005,MMR007005,Nyaunglebin,ညောင်လေးပင်,7,MMR007,4,ပဲခူးတိုင်းဒေသကြီး
7006,MMR007006,Kyauktaga,ကျောက်တံခါး,7,MMR007,4,ပဲခူးတိုင်းဒေသကြီး
7007,MMR007007,Daik-U,ဒိုက်ဦး,7,MMR007,3,ပဲခူးတိုင်းဒေသကြီး
7008,MMR007008,Shwegyin,ရွှေကျင်,7,MMR007,3,ပဲခူးတိုင်းဒေသကြီး
7009,MMR007009,Taungoo,တောင်ငူ,7,MMR007,5,ပဲခူးတိုင်းဒေသကြီး
7010,MMR007010,Yedashe,ရေတာရှည်,7,MMR007,5,ပဲခူးတိုင်းဒေသကြီး
7011,MMR007011,Kyaukkyi,ကျောက်ကြီး,7,MMR007,7,ပဲခူးတိုင်းဒေသကြီး
7012,MMR007012,Phyu,ဖြူး,7,MMR007,7,ပဲခူးတိုင်းဒေသကြီး
7013,MMR007013,Oktwin,အုတ်တွင်း,7,MMR007,6,ပဲခူးတိုင်းဒေသကြီး
7014,MMR007014,Htantabin,ထန်းတပင်,7,MMR007,6,ပဲခူးတိုင်းဒေသကြီး
8001,MMR008001,Pyay,ပြည်,8,MMR008,8,ပဲခူးတိုင်းဒေသကြီး
8002,MMR008002,Paukkhaung,ပေါက်ခေါင်း,8,MMR008,8,ပဲခူးတိုင်းဒေသကြီး
8003,MMR008003,Padaung,ပန်းတောင်း,8,MMR008,8,ပဲခူးတိုင်းဒေသကြီး
8004,MMR008004,Paungde,ပေါင်းတည်,8,MMR008,9,ပဲခူးတိုင်းဒေသကြီး
8005,MMR008005,Thegon,သဲကုန်း,8,MMR008,9,ပဲခူးတိုင်းဒေသကြီး
8006,MMR008006,Shwedaung,ရွှေတောင်,8,MMR008,9,ပဲခူးတိုင်းဒေသကြီး
8007,MMR008007,Thayarwady,သာယာဝတီ,8,MMR008,10,ပဲခူးတိုင်းဒေသကြီး
8008,MMR008008,Letpadan,လက်ပံတန်း,8,MMR008,10,ပဲခူးတိုင်းဒေသကြီး
8009,MMR008009,Minhla,မင်းလှ,8,MMR008,11,ပဲခူးတိုင်းဒေသကြီး
8010,MMR008010,Okpho,အုတ်ဖို,8,MMR008,11,ပဲခူးတိုင်းဒေသကြီး
8011,MMR008011,Zigon,ဇီးကုန်း,8,MMR008,12,ပဲခူးတိုင်းဒေသကြီး
8012,MMR008012,Nattalin,နတ်တလင်း,8,MMR008,12,ပဲခူးတိုင်းဒေသကြီး
8013,MMR008013,Monyo,မိုးညို,8,MMR008,11,ပဲခူးတိုင်းဒေသကြီး
8014,MMR008014,Gyobingauk,ကြို့ပင်ကောက်,8,MMR008,12,ပဲခူးတိုင်းဒေသကြီး
9001,MMR009001,Magway,မကွေး,9,MMR009,1,မကွေးတိုင်းဒေသကြီး
9002,MMR009002,Yenangyaung,ရေနံချောင်း,9,MMR009,2,မကွေးတိုင်းဒေသကြီး
9003,MMR009003,Chauk,ချောက်,9,MMR009,2,မကွေးတိုင်းဒေသကြီး
9004,MMR009004,Taungdwingyi,တောင်တွင်းကြီး,9,MMR009,4,မကွေးတိုင်းဒေသကြီး
9005,MMR009005,Myothit,မြို့သစ်,9,MMR009,3,မကွေးတိုင်းဒေသကြီး
9006,MMR009006,Natmauk,နတ်မောက်,9,MMR009,3,မကွေးတိုင်းဒေသကြီး
9007,MMR009007,Minbu,မင်းဘူး,9,MMR009,5,မကွေးတိုင်းဒေသကြီး
9008,MMR009008,Pwintbyu,ပွင့်ဖြူ,9,MMR009,5,မကွေးတိုင်းဒေသကြီး
9009,MMR009009,Ngape,ငဖဲ,9,MMR009,6,မကွေးတိုင်းဒေသကြီး
9010,MMR009010,Salin,စလင်း,9,MMR009,6,မကွေးတိုင်းဒေသကြီး
9011,MMR009011,Sidoktaya,စေတုတ္တရာ,9,MMR009,6,မကွေးတိုင်းဒေသကြီး
9012,MMR009012,Thayet,သရက်,9,MMR009,7,မကွေးတိုင်းဒေသကြီး
9013,MMR009013,Minhla,မင်းလှ,9,MMR009,7,မကွေးတိုင်းဒေသကြီး
9014,MMR009014,Mindon,မင်းတုန်း,9,MMR009,7,မကွေးတိုင်းဒေသကြီး
9015,MMR009015,Kamma,ကံမ,9,MMR009,7,မကွေးတိုင်းဒေသကြီး
9016,MMR009016,Aunglan,အောင်လံ,9,MMR009,8,မကွေးတိုင်းဒေသကြီး
9017,MMR009017,Sinbaungwe,ဆင်ပေါင်ဝဲ,9,MMR009,8,မကွေးတိုင်းဒေသကြီး
9018,MMR009018,Pakokku,ပခုက္ကူ,9,MMR009,9,မကွေးတိုင်းဒေသကြီး
9019,MMR009019,Yesagyo,ရေစကြို,9,MMR009,10,မကွေးတိုင်းဒေသကြီး
9020,MMR009020,Myaing,မြိုင်,9,MMR009,11,မကွေးတိုင်းဒေသကြီး
9021,MMR009021,Pauk,ပေါက်,9,MMR009,11,မကွေးတိုင်းဒေသကြီး
9022,MMR009022,Seikphyu,ဆိပ်ဖြူ,9,MMR009,9,မကွေးတိုင်းဒေသကြီး
9023,MMR009023,Gangaw,ဂန့်ဂေါ,9,MMR009,12,မကွေးတိုင်းဒေသကြီး
9024,MMR009024,Tilin,ထီးလင်း,9,MMR009,12,မကွေးတိုင်းဒေသကြီး
9025,MMR009025,Saw,ဆော,9,MMR009,12,မကွေးတိုင်းဒေသကြီး
10001,MMR010001,Aungmyaythazan,အောင်မြေသာစံ,10,MMR010,1,မန္တလေးတိုင်းဒေသကြီး
10002,MMR010002,Chanayethazan,ချမ်းအေးသာစံ,10,MMR010,1,မန္တလေးတိုင်းဒေသကြီး
10003,MMR010003,Mahaaungmyay,မဟာအောင်မြေ,10,MMR010,2,မန္တလေးတိုင်းဒေသကြီး
10004,MMR010004,Chanmyathazi,ချမ်းမြသာစည်,10,MMR010,2,မန္တလေးတိုင်းဒေသကြီး
10005,MMR010005,Pyigyitagon,ပြည်ကြီးတံခွန်,10,MMR010,2,မန္တလေးတိုင်းဒေသကြီး
10006,MMR010006,Amarapura,အမရပူရ,10,MMR010,2,မန္တလေးတိုင်းဒေသကြီး
10007,MMR010007,Patheingyi,ပုသိမ်ကြီး,10,MMR010,1,မန္တလေးတိုင်းဒေသကြီး
10008,MMR010008,Pyinoolwin,ပြင်ဦးလွင်,10,MMR010,3,မန္တလေးတိုင်းဒေသကြီး
10009,MMR010009,Madaya,မတ္တရာ,10,MMR010,3,မန္တလေးတိုင်းဒေသကြီး
10010,MMR010010,Singu,စဥ့်ကူး,10,MMR010,3,မန္တလေးတိုင်းဒေသကြီး
10011,MMR010011,Mogoke,မိုးကုတ်,10,MMR010,3,မန္တလေးတိုင်းဒေသကြီး
10012,MMR010012,Thabeikkyin,သပိတ်ကျင်း,10,MMR010,3,မန္တလေးတိုင်းဒေသကြီး
10013,MMR010013,Kyaukse,ကျောက်ဆည်,10,MMR010,4,မန္တလေးတိုင်းဒေသကြီး
10014,MMR010014,Sintgaing,စဉ့်ကိုင်,10,MMR010,4,မန္တလေးတိုင်းဒေသကြီး
10015,MMR010015,Myittha,မြစ်သား,10,MMR010,4,မန္တလေးတိုင်းဒေသကြီး
10016,MMR010016,Tada-U,တံတားဦး,10,MMR010,4,မန္တလေးတိုင်းဒေသကြီး
10017,MMR010017,Myingyan,မြင်းခြံ,10,MMR010,5,မန္တလေးတိုင်းဒေသကြီး
10018,MMR010018,Taungtha,တောင်သာ,10,MMR010,6,မန္တလေးတိုင်းဒေသကြီး
10019,MMR010019,Natogyi,နွားထိုးကြီး,10,MMR010,6,မန္တလေးတိုင်းဒေသကြီး
10020,MMR010020,Kyaukpadaung,ကျောက်ပန်းတောင်း,10,MMR010,7,မန္တလေးတိုင်းဒေသကြီး
10021,MMR010021,Ngazun,ငါန်းဇွန်,10,MMR010,5,မန္တလေးတိုင်းဒေသကြီး
10022,MMR010022,Nyaung-U,ညောင်ဦး,10,MMR010,7,မန္တလေးတိုင်းဒေသကြီး
10023,MMR010023,Yamethin,ရမည်းသင်း,10,MMR010,8,မန္တလေးတိုင်းဒေသကြီး
10024,MMR010024,Pyawbwe,ပျော်ဘွယ်,10,MMR010,8,မန္တလေးတိုင်းဒေသကြီး
10028,MMR010028,Meiktila,မိတ္ထီလာ,10,MMR010,11,မန္တလေးတိုင်းဒေသကြီး
10029,MMR010029,Mahlaing,မလှိုင်,10,MMR010,11,မန္တလေးတိုင်းဒေသကြီး
10030,MMR010030,Thazi,သာစည်,10,MMR010,12,မန္တလေးတိုင်းဒေသကြီး
10031,MMR010031,Wundwin,ဝမ်းတွင်း,10,MMR010,12,မန္တလေးတိုင်းဒေသကြီး
11001,MMR011001,Mawlamyine,မော်လမြိုင်,11,MMR011,,
11002,MMR011002,Kyaikmaraw,ကျိုက်မရော,11,MMR011,3,မွန်ပြည်နယ်
11003,MMR011003,Chaungzon,ချောင်းဆုံ,11,MMR011,4,မွန်ပြည်နယ်
11004,MMR011004,Thanbyuzayat,သံဖြူဇရပ်,11,MMR011,5,မွန်ပြည်နယ်
11005,MMR011005,Mudon,မုဒုံ,11,MMR011,6,မွန်ပြည်နယ်
11006,MMR011006,Ye,ရေး,11,MMR011,,
11007,MMR011007,Thaton,သထုံ,11,MMR011,9,မွန်ပြည်နယ်
11008,MMR011008,Paung,ပေါင်,11,MMR011,10,မွန်ပြည်နယ်
11009,MMR011009,Kyaikto,ကျိုက်ထို,11,MMR011,11,မွန်ပြည်နယ်
11010,MMR011010,Bilin,ဘီးလင်း,11,MMR011,12,မွန်ပြည်နယ်
12001,MMR012001,Sittwe,စစ်တွေ,12,MMR012,1,ရခိုင်ပြည်နယ်
12002,MMR012002,Ponnagyun,ပုဏ္ဏားကျွန်း,12,MMR012,3,ရခိုင်ပြည်နယ်
12003,MMR012003,Mrauk-U,မြောက်ဦး,12,MMR012,4,ရခိုင်ပြည်နယ်
12004,MMR012004,Kyauktaw,ကျောက်တော်,12,MMR012,5,ရခိုင်ပြည်နယ်
12005,MMR012005,Minbya,မင်းပြား,12,MMR012,6,ရခိုင်ပြည်နယ်
12006,MMR012006,Myebon,မြေပုံ,12,MMR012,6,ရခိုင်ပြည်နယ်
12007,MMR012007,Pauktaw,ပေါက်တော,12,MMR012,2,ရခိုင်ပြည်နယ်
12008,MMR012008,Rathedaung,ရသေ့တောင်,12,MMR012,3,ရခိုင်ပြည်နယ်
12009,MMR012009,Maungdaw,မောင်တော,12,MMR012,,
12010,MMR012010,Buthidaung,ဘူးသီးတောင်,12,MMR012,9,ရခိုင်ပြည်နယ်
12011,MMR012011,Kyaukpyu,ကျောက်ဖြူ,12,MMR012,10,ရခိုင်ပြည်နယ်
12012,MMR012012,Munaung,မာန်အောင်,12,MMR012,10,ရခိုင်ပြည်နယ်
12013,MMR012013,Ramree,ရမ်းဗြဲ,12,MMR012,11,ရခိုင်ပြည်နယ်
12014,MMR012014,Ann,အမ်း,12,MMR012,11,ရခိုင်ပြည်နယ်
12015,MMR012015,Thandwe,သံတွဲ,12,MMR012,12,ရခိုင်ပြည်နယ်
12016,MMR012016,Toungup,တောင်ကုတ်,12,MMR012,12,ရခိုင်ပြည်နယ်
12017,MMR012017,Gwa,ဂွ,12,MMR012,12,ရခိုင်ပြည်နယ်
13001,MMR013001,Insein,အင်းစိန်,13,MMR013,10,ရန်ကုန်တိုင်းဒေသကြီး
13002,MMR013002,Mingaladon,မင်္ဂလာဒုံ,13,MMR013,10,ရန်ကုန်တိုင်းဒေသကြီး
13003,MMR013003,Hmawbi,မှော်ဘီ,13,MMR013,9,ရန်ကုန်တိုင်းဒေသကြီး
13004,MMR013004,Hlegu,လှည်းကူး,13,MMR013,12,ရန်ကုန်တိုင်းဒေသကြီး
13005,MMR013005,Taikkyi,တိုက်ကြီး,13,MMR013,12,ရန်ကုန်တိုင်းဒေသကြီး
13006,MMR013006,Htantabin,ထန်းတပင်,13,MMR013,9,ရန်ကုန်တိုင်းဒေသကြီး
13007,MMR013007,Shwepyithar,ရွှေပြည်သာ,13,MMR013,9,ရန်ကုန်တိုင်းဒေသကြီး
13008,MMR013008,Hlaingtharya,လှိုင်သာယာ,13,MMR013,11,ရန်ကုန်တိုင်းဒေသကြီး
13009,MMR013009,Thingangyun,သင်္ဃန်းကျွန်း,13,MMR013,3,ရန်ကုန်တိုင်းဒေသကြီး
13010,MMR013010,Yankin,ရန်ကင်း,13,MMR013,3,ရန်ကုန်တိုင်းဒေသကြီး
13011,MMR013011,South Okkalapa,တောင်ဥက္ကလာပ,13,MMR013,3,ရန်ကုန်တိုင်းဒေသကြီး
13012,MMR013012,North Okkalapa,မြောက်ဥက္ကလာပ,13,MMR013,1,ရန်ကုန်တိုင်းဒေသကြီး
13013,MMR013013,Thaketa,သာကေတ,13,MMR013,4,ရန်ကုန်တိုင်းဒေသကြီး
13014,MMR013014,Dawbon,ဒေါပုံ,13,MMR013,4,ရန်ကုန်တိုင်းဒေသကြီး
13015,MMR013015,Tamwe,တာမွေ,13,MMR013,3,ရန်ကုန်တိုင်းဒေသကြီး
13016,MMR013016,Pazundaung,ပုဇွန်တောင်,13,MMR013,4,ရန်ကုန်တိုင်းဒေသကြီး
13017,MMR013017,Botahtaung,ဗိုလ်တထောင်,13,MMR013,4,ရန်ကုန်တိုင်းဒေသကြီး
13018,MMR013018,Dagon Myothit (South),ဒဂုံမြို့သစ်(တောင်ပိုင်း),13,MMR013,2,ရန်ကုန်တိုင်းဒေသကြီး
13019,MMR013019,Dagon Myothit (North),ဒဂုံမြို့သစ်(မြောက်ပိုင်း),13,MMR013,1,ရန်ကုန်တိုင်းဒေသကြီး
13020,MMR013020,Dagon Myothit (East),ဒဂုံမြို့သစ်(အရှေ့ပိုင်း),13,MMR013,1,ရန်ကုန်တိုင်းဒေသကြီး
13021,MMR013021,Dagon Myothit (Seikkan),ဒဂုံမြို့သစ်(ဆိပ်ကမ်း),13,MMR013,2,ရန်ကုန်တိုင်းဒေသကြီး
13022,MMR013022,Mingalartaungnyunt,မင်္ဂလာတောင်ညွန့်,13,MMR013,4,ရန်ကုန်တိုင်းဒေသကြီး
13023,MMR013023,Thanlyin,သန်လျင်,13,MMR013,7,ရန်ကုန်တိုင်းဒေသကြီး
13024,MMR013024,Kyauktan,ကျောက်တန်း,13,MMR013,7,ရန်ကုန်တိုင်းဒေသကြီး
13025,MMR013025,Thongwa,သုံးခွ,13,MMR013,7,ရန်ကုန်တိုင်းဒေသကြီး
13026,MMR013026,Kayan,ခရမ်း,13,MMR013,7,ရန်ကုန်တိုင်းဒေသကြီး
13027,MMR013027,Twantay,တွံတေး,13,MMR013,8,ရန်ကုန်တိုင်းဒေသကြီး
13028,MMR013028,Kawhmu,ကော့မှူး,13,MMR013,8,ရန်ကုန်တိုင်းဒေသကြီး
13029,MMR013029,Kungyangon,ကွမ်းခြံကုန်း,13,MMR013,8,ရန်ကုန်တိုင်းဒေသကြီး
13030,MMR013030,Dala,ဒလ,13,MMR013,8,ရန်ကုန်တိုင်းဒေသကြီး
13031,MMR013031,Seikgyikanaungto,ဆိပ်ကြီး/ခနောင်တို,13,MMR013,8,ရန်ကုန်တိုင်းဒေသကြီး
13032,MMR013032,Cocokyun,ကိုကိုးကျွန်း,13,MMR013,8,ရန်ကုန်တိုင်းဒေသကြီး
13033,MMR013033,Kyauktada,ကျောက်တံတား,13,MMR013,5,ရန်ကုန်တိုင်းဒေသကြီး
13034,MMR013034,Pabedan,ပန်းဘဲတန်း,13,MMR013,5,ရန်ကုန်တိုင်းဒေသကြီး
13035,MMR013035,Lanmadaw,လမ်းမတော်,13,MMR013,6,ရန်ကုန်တိုင်းဒေသကြီး
13036,MMR013036,Latha,လသာ,13,MMR013,6,ရန်ကုန်တိုင်းဒေသကြီး
13037,MMR013037,Ahlone,အလုံ,13,MMR013,6,ရန်ကုန်တိုင်းဒေသကြီး
13038,MMR013038,Kyeemyindaing,ကြည့်မြင်တိုင်,13,MMR013,6,ရန်ကုန်တိုင်းဒေသကြီး
13039,MMR013039,Sanchaung,စမ်းချောင်း,13,MMR013,5,ရန်ကုန်တိုင်းဒေသကြီး
13040,MMR013040,Hlaing,လှိုင်,13,MMR013,6,ရန်ကုန်တိုင်းဒေသကြီး
13041,MMR013041,Kamaryut,ကမာရွတ်,13,MMR013,6,ရန်ကုန်တိုင်းဒေသကြီး
13042,MMR013042,Mayangone,မရမ်းကုန်း,13,MMR013,5,ရန်ကုန်တိုင်းဒေသကြီး
13043,MMR013043,Dagon,ဒဂုံ,13,MMR013,5,ရန်ကုန်တိုင်းဒေသကြီး
13044,MMR013044,Bahan,ဗဟန်း,13,MMR013,5,ရန်ကုန်တိုင်းဒေသကြီး
13045,MMR013045,Seikkan,ဆိပ်ကမ်း,13,MMR013,6,ရန်ကုန်တိုင်းဒေသကြီး
14001,MMR014001,Taunggyi,တောင်ကြီး,14,MMR014,1,ရှမ်းပြည်နယ်
14002,MMR014002,Nyaungshwe,ညောင်ရွှေ,14,MMR014,1,ရှမ်းပြည်နယ်
14003,MMR014003,Hopong,ဟိုပုန်း,14,MMR014,9,ရှမ်းပြည်နယ်
14004,MMR014004,Hsihseng,ဆီဆိုင်,14,MMR014,9,ရှမ်းပြည်နယ်
14005,MMR014005,Kalaw,ကလော,14,MMR014,1,ရှမ်းပြည်နယ်
14006,MMR014006,Pindaya,ပင်းတယ,14,MMR014,8,ရှမ်းပြည်နယ်
14007,MMR014007,Ywangan,ရွာငံ,14,MMR014,8,ရှမ်းပြည်နယ်
14008,MMR014008,Lawksawk,ရပ်စောက်,14,MMR014,1,ရှမ်းပြည်နယ်
14009,MMR014009,Pinlaung,ပင်လောင်း,14,MMR014,9,ရှမ်းပြည်နယ်
14010,MMR014010,Pekon,ဖယ်ခုံ,14,MMR014,1,ရှမ်းပြည်နယ်
14011,MMR014011,Loilen,လွိုင်လင်,14,MMR014,2,ရှမ်းပြည်နယ်
14012,MMR014012,Laihka,လဲချား,14,MMR014,2,ရှမ်းပြည်နယ်
14013,MMR014013,Nansang,နမ့်စန်,14,MMR014,2,ရှမ်းပြည်နယ်
14014,MMR014014,Kunhing,ကွန်ဟိန်း,14,MMR014,2,ရှမ်းပြည်နယ်
14015,MMR014015,Kyethi,ကျေးသီး,14,MMR014,2,ရှမ်းပြည်နယ်
14016,MMR014016,Mongkaing,မိုင်းကိုင်,14,MMR014,2,ရှမ်းပြည်နယ်
14017,MMR014017,Monghsu,မိုင်းရှူး,14,MMR014,2,ရှမ်းပြည်နယ်
14018,MMR014018,Langkho,လင်းခေး,14,MMR014,2,ရှမ်းပြည်နယ်
14019,MMR014019,Mongnai,မိုးနဲ,14,MMR014,2,ရှမ်းပြည်နယ်
14020,MMR014020,Mawkmai,မောက်မယ်,14,MMR014,2,ရှမ်းပြည်နယ်
14021,MMR014021,Mongpan,မိုင်းပန်,14,MMR014,2,ရှမ်းပြည်နယ်
15001,MMR015001,Lashio,လားရှိုး,15,MMR015,3,ရှမ်းပြည်နယ်
15002,MMR015002,Hseni,သိန္နီ,15,MMR015,3,ရှမ်းပြည်နယ်
15003,MMR015003,Mongyai,မိုင်းရယ်,15,MMR015,3,ရှမ်းပြည်နယ်
15004,MMR015004,Tangyan,တန့်ယန်း,15,MMR015,3,ရှမ်းပြည်နယ်
15005,MMR015005,Pangsang,ပန်ဆန်း(ပန်ခမ်း),15,MMR015,12,ရှမ်းပြည်နယ်
15006,MMR015006,Narphan,နားဖန်း,15,MMR015,12,ရှမ်းပြည်နယ်
15007,MMR015007,Pangwaun,ပန်ဝိုင်,15,MMR015,12,ရှမ်းပြည်နယ်
15008,MMR015008,Mongmao,မိုင်းမော,15,MMR015,12,ရှမ်းပြည်နယ်
15009,MMR015009,Muse,မူဆယ်,15,MMR015,5,ရှမ်းပြည်နယ်
15010,MMR015010,Namhkan,နမ့်ခမ်း,15,MMR015,5,ရှမ်းပြည်နယ်
15011,MMR015011,Kutkai,ကွတ်ခိုင်,15,MMR015,5,ရှမ်းပြည်နယ်
15012,MMR015012,Kyaukme,ကျောက်မဲ,15,MMR015,4,ရှမ်းပြည်နယ်
15013,MMR015013,Nawnghkio,နောင်ချို,15,MMR015,4,ရှမ်းပြည်နယ်
15014,MMR015014,Hsipaw,သီပေါ,15,MMR015,4,ရှမ်းပြည်နယ်
15015,MMR015015,Namtu,နမ္မတူ,15,MMR015,4,ရှမ်းပြည်နယ်
15016,MMR015016,Namhsan,နမ့်ဆန်,15,MMR015,10,ရှမ်းပြည်နယ်
15017,MMR015017,Mongmit,မိုးမိတ်,15,MMR015,4,ရှမ်းပြည်နယ်
15018,MMR015018,Mabein,မဘိမ်း,15,MMR015,4,ရှမ်းပြည်နယ်
15019,MMR015019,Manton,မန်တုံ,15,MMR015,10,ရှမ်းပြည်နယ်
15020,MMR015020,Kunlong,ကွမ်းလုံ,15,MMR015,3,ရှမ်းပြည်နယ်
15021,MMR015021,Hopang,ဟိုပန်,15,MMR015,12,ရှမ်းပြည်နယ်
15022,MMR015022,Laukkaing,လောက်ကိုင်,15,MMR015,11,ရှမ်းပြည်နယ်
15023,MMR015023,Konkyan,ကုန်းကြမ်း,15,MMR015,11,ရှမ်းပြည်နယ်
15024,MMR015024,Matman,မက်မန်း,15,MMR015,12,ရှမ်းပြည်နယ်
16001,MMR016001,Kengtung,ကျိုင်းတုံ,16,MMR016,6,ရှမ်းပြည်နယ်
16002,MMR016002,Mongkhet,မိုင်းခတ်,16,MMR016,6,ရှမ်းပြည်နယ်
16003,MMR016003,Mongyang,မိုင်းယန်း,16,MMR016,6,ရှမ်းပြည်နယ်
16005,MMR016005,Mongla,မိုင်းလား,16,MMR016,6,ရှမ်းပြည်နယ်
16006,MMR016006,Monghsat,မိုင်းဆတ်,16,MMR016,7,ရှမ်းပြည်နယ်
16007,MMR016007,Mongping,မိုင်းပျဥ်း,16,MMR016,6,ရှမ်းပြည်နယ်
16008,MMR016008,Mongton,မိုင်းတုံ,16,MMR016,7,ရှမ်းပြည်နယ်
16009,MMR016009,Tachileik,တာချီလိတ်,16,MMR016,7,ရှမ်းပြည်နယ်
16010,MMR016010,Monghpyak,မိုင်းဖြတ်,16,MMR016,7,ရှမ်းပြည်နယ်
16011,MMR016011,Mongyawng,မိုင်းယောင်း,16,MMR016,7,ရှမ်းပြည်နယ်
17001,MMR017001,Pathein,ပုသိမ်,17,MMR017,1,ဧရာဝတီတိုင်းဒေသကြီး
17002,MMR017002,Kangyidaunt,ကန်ကြီးထောင့်,17,MMR017,2,ဧရာဝတီတိုင်းဒေသကြီး
17003,MMR017003,Thabaung,သာပေါင်း,17,MMR017,2,ဧရာဝတီတိုင်းဒေသကြီး
17004,MMR017004,Ngapudaw,ငပုတော,17,MMR017,1,ဧရာဝတီတိုင်းဒေသကြီး
17005,MMR017005,Kyonpyaw,ကျုံပျော်,17,MMR017,3,ဧရာဝတီတိုင်းဒေသကြီး
17006,MMR017006,Yegyi,ရေကြည်,17,MMR017,3,ဧရာဝတီတိုင်းဒေသကြီး
17007,MMR017007,Kyaunggon,ကျောင်းကုန်း,17,MMR017,2,ဧရာဝတီတိုင်းဒေသကြီး
17008,MMR017008,Hinthada,ဟင်္သာတ,17,MMR017,4,ဧရာဝတီတိုင်းဒေသကြီး
17009,MMR017009,Zalun,ဇလွန်,17,MMR017,4,ဧရာဝတီတိုင်းဒေသကြီး
17010,MMR017010,Lemyethna,လေးမျက်နှာ,17,MMR017,4,ဧရာဝတီတိုင်းဒေသကြီး
17011,MMR017011,Myanaung,မြန်အောင်,17,MMR017,5,ဧရာဝတီတိုင်းဒေသကြီး
17012,MMR017012,Kyangin,ကြံခင်း,17,MMR017,5,ဧရာဝတီတိုင်းဒေသကြီး
17013,MMR017013,Ingapu,အင်္ဂပူ,17,MMR017,5,ဧရာဝတီတိုင်းဒေသကြီး
17014,MMR017014,Myaungmya,မြောင်းမြ,17,MMR017,6,ဧရာဝတီတိုင်းဒေသကြီး
17015,MMR017015,Einme,အိမ်မဲ,17,MMR017,7,ဧရာဝတီတိုင်းဒေသကြီး
17016,MMR017016,Labutta,လပွတ္တာ,17,MMR017,12,ဧရာဝတီတိုင်းဒေသကြီး
17017,MMR017017,Wakema,ဝါးခယ်မ,17,MMR017,7,ဧရာဝတီတိုင်းဒေသကြီး
17018,MMR017018,Mawlamyinegyun,မော်လမြိုင်ကျွန်း,17,MMR017,12,ဧရာဝတီတိုင်းဒေသကြီး
17019,MMR017019,Maubin,မအူပင်,17,MMR017,8,ဧရာဝတီတိုင်းဒေသကြီး
17020,MMR017020,Pantanaw,ပန်းတနော်,17,MMR017,9,ဧရာဝတီတိုင်းဒေသကြီး
17021,MMR017021,Nyaungdon,ညောင်တုန်း,17,MMR017,8,ဧရာဝတီတိုင်းဒေသကြီး
17022,MMR017022,Danubyu,ဓနုဖြူ,17,MMR017,9,ဧရာဝတီတိုင်းဒေသကြီး
17023,MMR017023,Pyapon,ဖျာပုံ,17,MMR017,10,ဧရာဝတီတိုင်းဒေသကြီး
17024,MMR017024,Bogale,ဘိုကလေး,17,MMR017,11,ဧရာဝတီတိုင်းဒေသကြီး
17025,MMR017025,Kyaiklat,ကျိုက်လတ်,17,MMR017,11,ဧရာဝတီတိုင်းဒေသကြီး
17026,MMR017026,Dedaye,ဒေးဒရဲ,17,MMR017,10,ဧရာဝတီတိုင်းဒေသကြီး
18001,MMR018001,Zay Yar Thi Ri,ဇေယျာသီရိ,18,MMR018,9,မန္တလေးတိုင်းဒေသကြီး
18002,MMR018002,Za Bu Thi Ri,ဇမ္ဗူသီရိ,18,MMR018,10,မန္တလေးတိုင်းဒေသကြီး
18003,MMR018003,Tatkon,တပ်ကုန်း,18,MMR018,9,မန္တလေးတိုင်းဒေသကြီး
18004,MMR018004,Det Khi Na Thi Ri ,ဒက္ခိဏသီရိ,18,MMR018,10,မန္တလေးတိုင်းဒေသကြီး
18005,MMR018005,Poke Ba Thi Ri,ပုဗ္ဗသီရိ,18,MMR018,9,မန္တလေးတိုင်းဒေသကြီး
18006,MMR018006,Pyinmana,ပျဉ်းမနား,18,MMR018,10,မန္တလေးတိုင်းဒေသကြီး
18007,MMR018007,Lewe,လယ်ဝေး,18,MMR018,10,မန္တလေးတိုင်းဒေသကြီး
18008,MMR018008,Oke Ta Ra Thi Ri ,ဥတ္တရသီရိ,18,MMR018,9,မန္တလေးတိုင်းဒေသကြီး