constituency_number,constituency_name,ward_village_number,ward_village
1,ကချင်ပြည်နယ်,0,ပူတာအိုခရိုင် တစ်ခုလုံး
2,ကချင်ပြည်နယ်,0,မြစ်ကြီးနားမြို့နယ် တစ်ခုလုံး
3,ကချင်ပြည်နယ်,0,ဝိုင်းမော်မြို့နယ် တစ်ခုလုံး
4,ကချင်ပြည်နယ်,0,တနိုင်းမြို့နယ် တစ်ခုလုံး
5,ကချင်ပြည်နယ်,0,ချီဖွေမြို့နယ်
5,ကချင်ပြည်နယ်,0,ဆော့လော်မြို့နယ်
5,ကချင်ပြည်နယ်,0,အင်ဂျန်းယန်မြို့နယ်
6,ကချင်ပြည်နယ်,1,မိုးညှင်းမြို့နယ်အတွင်းရှိ  နန့်ခါရပ်ကွက်(မိုးညှင်းမြို့)
6,ကချင်ပြည်နယ်,2,မြို့မရပ်ကွက်(မိုးညှင်းမြို့)
6,ကချင်ပြည်နယ်,3,အုတ်ကျင်းရပ်ကွက် (မိုးညှင်း မြို့)
6,ကချင်ပြည်နယ်,4,အရှေ့စုရပ်ကွက်(မိုးညှင်းမြို့)
6,ကချင်ပြည်နယ်,5,အောင်သပြေ ရပ်ကွက်(မိုးညှင်းမြို့)
6,ကချင်ပြည်နယ်,6,ပင်လုံ ကျေးရွာအုပ်စု
6,ကချင်ပြည်နယ်,7,မော်ဟန် ကျေးရွာ အုပ်စု
6,ကချင်ပြည်နယ်,8,ညောင်ကိုင်း ကျေးရွာ အုပ်စု
6,ကချင်ပြည်နယ်,9,ကာတူ ကျေးရွာ အုပ်စု
6,ကချင်ပြည်နယ်,10,ဆယ်မိုင်ရွာသစ် ကျေးရွာ အုပ်စု
6,ကချင်ပြည်နယ်,11,နန့်ပုတ် ကျေးရွာ အုပ်စု
6,ကချင်ပြည်နယ်,12,ပင်းဟဲကျေးရွာ အုပ်စု
6,ကချင်ပြည်နယ်,13,ရွာသစ်ကုန်းကျေးရွာ အုပ်စု
6,ကချင်ပြည်နယ်,14,အင်ကြင်းကုန်း ကျေးရွာ အုပ်စု
6,ကချင်ပြည်နယ်,15,ဘီလူး ကျေးရွာ အုပ်စု
6,ကချင်ပြည်နယ်,16,ညောင်ကုန်း ကျေးရွာအုပ်စု
6,ကချင်ပြည်နယ်,17,ဟဲလုံ ကျေးရွာ အုပ်စု
6,ကချင်ပြည်နယ်,18,နန်းမား ကျေးရွာအုပ်စု
6,ကချင်ပြည်နယ်,19,နမ့်စော်လော်ကျေးရွာအုပ်စု
6,ကချင်ပြည်နယ်,20,အင်းကုန်း ကျေးရွာ အုပ်စု
6,ကချင်ပြည်နယ်,21,ညောင်ပင်သာကျေးရွာအုပ်စု
6,ကချင်ပြည်နယ်,22,တောင်အင်း ကျေးရွာ အုပ်စု
6,ကချင်ပြည်နယ်,23,လယ်မီးကျေးရွာ အုပ်စု
7,ကချင်ပြည်နယ်,1,မိုးညှင်းမြို့နယ်အတွင်းရှိ  မြဇေယျာရပ်ကွက်(ဟိုပင်မြို့)
7,ကချင်ပြည်နယ်,2,မြသီတာရပ်ကွက်(ဟိုပင်မြို့)
7,ကချင်ပြည်နယ်,3,မြို့မတောင် ရပ်ကွက်  (ဟိုပင်မြို့)
7,ကချင်ပြည်နယ်,4,မြို့မမြောက်ရပ်ကွက်(ဟိုပင်မြို့)
7,ကချင်ပြည်နယ်,5,နန့်မွန်း ကျေးရွာ အုပ်စု
7,ကချင်ပြည်နယ်,6,လုံးတုံ ကျေးရွာ အုပ်စု
7,ကချင်ပြည်နယ်,7,မမုန်ကိုင် ကျေးရွာ အုပ်စု
7,ကချင်ပြည်နယ်,8,လွဲမွန် ကျေးရွာ အုပ်စု
7,ကချင်ပြည်နယ်,9,ညောင်ပင် ကျေးရွာ အုပ်စု
7,ကချင်ပြည်နယ်,10,လုံးစန့် ကျေးရွာ အုပ်စု
7,ကချင်ပြည်နယ်,11,ချောင်းဝ ကျေးရွာ အုပ်စု
7,ကချင်ပြည်နယ်,12,မပြင် ကျေးရွာ အုပ်စု
7,ကချင်ပြည်နယ်,13,ပန်းလား ကျေးရွာ အုပ်စု
7,ကချင်ပြည်နယ်,14,ဟဲပု ကျေးရွာ အုပ်စု
7,ကချင်ပြည်နယ်,15,မိုင်းပုတ် ကျေးရွာအုပ်စု
7,ကချင်ပြည်နယ်,16,တကွင်းကျေးရွာအုပ်စု
7,ကချင်ပြည်နယ်,17,အင်းလေး ကျေးရွာအုပ်စု
7,ကချင်ပြည်နယ်,18,မြို့သစ်ကလေးကျေးရွာအုပ်စု
7,ကချင်ပြည်နယ်,19,နန့်ရင်း ကျေးရွာ အုပ်စု
7,ကချင်ပြည်နယ်,20,ကြာကြီးကွင်း ကျေးရွာ အုပ်စု
7,ကချင်ပြည်နယ်,21,ခုနစ်မိုင်ကုန်းတန်းကျေးရွာ အုပ်စု
7,ကချင်ပြည်နယ်,22,ရွာသစ်ကြီး ကျေးရွာ အုပ်စု
7,ကချင်ပြည်နယ်,23,ဇောတိကုန်း ကျေးရွာအုပ်စု
8,ကချင်ပြည်နယ်,0,မိုးကောင်းမြို့နယ် တစ်ခုလုံး
9,ကချင်ပြည်နယ်,0,ဖားကန့်မြို့နယ် တစ်ခုလုံး
10,ကချင်ပြည်နယ်,0,ဗန်းမော်မြို့နယ် တစ်ခုလုံး
11,ကချင်ပြည်နယ်,0,မိုးမောက်မြို့နယ် တစ်ခုလုံး
12,ကချင်ပြည်နယ်,0,မံစီမြို့နယ်
12,ကချင်ပြည်နယ်,0,ရွှေကူမြို့နယ်
1,ကယားပြည်နယ်,1,လွိုင်ကော်မြို့နယ် အတွင်းရှိ  နောင်ယား (က) ရပ်ကွက် (လွိုင်ကော်မြို့)
1,ကယားပြည်နယ်,2,နောင်ယား (ခ) ရပ်ကွက်(လွိုင်ကော်မြို့)
1,ကယားပြည်နယ်,3,မင်းစုရပ်ကွက်(လွိုင်ကော်မြို့)
1,ကယားပြည်နယ်,4,ဒေါနိုးကူးရပ်ကွက်  (လွိုင်ကော်မြို့)
1,ကယားပြည်နယ်,5,ချိကယ် ကျေးရွာအုပ်စု
1,ကယားပြည်နယ်,6,တီးလုံကျေးရွာ အုပ်စု
1,ကယားပြည်နယ်,7,လွိုင်လင်လေးကျေးရွာအုပ်စု
1,ကယားပြည်နယ်,8,ကုန်းသာကျေးရွာ အုပ်စု
1,ကယားပြည်နယ်,9,ဒေါပေါ်ကလဲကျေးရွာအုပ်စု
1,ကယားပြည်နယ်,10,နိုးကိုးကျေးရွာ အုပ်စု
1,ကယားပြည်နယ်,11,ထီးစဲခါးကျေးရွာအုပ်စု
1,ကယားပြည်နယ်,12,နွားလဝိုးကျေးရွာ အုပ်စု
2,ကယားပြည်နယ်,1,လွိုင်ကော်မြို့နယ်အတွင်းရှိ  စျေးပိုင်းရပ်ကွက်(လွိုင်ကော် မြို့)
2,ကယားပြည်နယ်,2,ဓမ္မာရုံရပ်ကွက်(လွိုင်ကော်မြို့)
2,ကယားပြည်နယ်,3,ရွှေတောင်ရပ်ကွက် (လွိုင်ကော်မြို့)
2,ကယားပြည်နယ်,4,မင်္ဂလာရပ်ကွက်(လွိုင်ကော်မြို့)
2,ကယားပြည်နယ်,5,မိုင်းလုံး ရပ်ကွက်(လွိုင်ကော်မြို့)
2,ကယားပြည်နယ်,6,လောဓမ္မရပ်ကွက် (လွိုင်ကော်မြို့)
2,ကယားပြည်နယ်,7,ဒေါတမ္မရပ်ကွက်(လွိုင်ကော်မြို့)
2,ကယားပြည်နယ်,8,ဒေါဥခူရပ်ကွက် (လွိုင်ကော်မြို့)
2,ကယားပြည်နယ်,9,ရှမ်းစုရပ်ကွက် (လွိုင်ကော်မြို့)
2,ကယားပြည်နယ်,10,ပန်ကန်းကျေးရွာအုပ်စု
2,ကယားပြည်နယ်,11,မထောခူ ကျေးရွာ အုပ်စု
2,ကယားပြည်နယ်,12,လောပိတ ကျေးရွာအုပ်စု
2,ကယားပြည်နယ်,13,ပါလောင်း ကျေးရွာ အုပ်စု
3,ကယားပြည်နယ်,1,ဒီးမော့ဆိုမြို့နယ်အတွင်းရှိ  ဆင်တောင်ကျေးရွာအုပ်စု
3,ကယားပြည်နယ်,2,ဘုရားဖြူကျေးရွာအုပ်စု
3,ကယားပြည်နယ်,3,နန်းမယ်ခုံကျေးရွာအုပ်စု
3,ကယားပြည်နယ်,4,အိုကေကျေးရွာအုပ်စု
3,ကယားပြည်နယ်,5,ဒေါဘူးကူးကျေးရွာ အုပ်စု
3,ကယားပြည်နယ်,6,ငွေတောင်ကျေးရွာ အုပ်စု
3,ကယားပြည်နယ်,7,စံပြ(6)မိုင်ကျေးရွာ အုပ်စု
3,ကယားပြည်နယ်,8,ဒေါကလော် ဒူကျေးရွာ အုပ်စု
3,ကယားပြည်နယ်,9,ဒေါဖုကျေးရွာ အုပ်စု
3,ကယားပြည်နယ်,10,ထီးဖိုးကလိုးကျေးရွာအုပ်စု
3,ကယားပြည်နယ်,11,ဒေါတမကြီး ကျေးရွာအုပ်စု
4,ကယားပြည်နယ်,1,ဒီးမော့ဆိုမြို့နယ်အတွင်းရှိ  မြို့မရပ်ကွက် (ဒီးမော့ဆိုမြို့)
4,ကယားပြည်နယ်,2,ဆောင်ဒူ ရွာသစ် ကျေးရွာ အုပ်စု
4,ကယားပြည်နယ်,3,သေးဆူလဲ  ကျေးရွာအုပ်စု
4,ကယားပြည်နယ်,4,ဝါသောခိုရွာသစ်ကျေးရွာ အုပ်စု
4,ကယားပြည်နယ်,5,ဒေါတော်ကူး ကျေးရွာ အုပ်စု
4,ကယားပြည်နယ်,6,နောင်ပုလဲကျေးရွာ အုပ်စု
4,ကယားပြည်နယ်,7,ဒီးမော့ဆို ကျေးရွာ အုပ်စု
4,ကယားပြည်နယ်,8,ဒေါရောက်ခူကျေးရွာ အုပ်စု
4,ကယားပြည်နယ်,9,လိုဘာခို ကျေးရွာ အုပ်စု
4,ကယားပြည်နယ်,10,ဝါဘန်းပလို့ကျေးရွာ အုပ်စု
4,ကယားပြည်နယ်,11,လိုပူ ကျေးရွာ အုပ်စု
4,ကယားပြည်နယ်,12,မြလဲကျေးရွာ အုပ်စု
4,ကယားပြည်နယ်,13,ဟိုဝမ်ကျေးရွာ အုပ်စု
4,ကယားပြည်နယ်,14,ဆောင်ဒူလာကျေးရွာ အုပ်စု
4,ကယားပြည်နယ်,15,ပန်ပက်ကျေးရွာ အုပ်စု
4,ကယားပြည်နယ်,16,ခူးပရာကျေးရွာ အုပ်စု
5,ကယားပြည်နယ်,1,ဖရူဆိုမြို့နယ်အတွင်းရှိ  ညောင်ဇင် ရပ်ကွက် (ဖရူဆိုမြို့)
5,ကယားပြည်နယ်,2,ထီးကူးဆိုရပ်ကွက်(ဖရူဆိုမြို့)
5,ကယားပြည်နယ်,3,ဒီးဒါးကူးရပ်ကွက်(ဖရူဆို မြို့)
5,ကယားပြည်နယ်,4,လောဘူးဒါးရပ်ကွက်(ဖရူဆိုမြို့)
5,ကယားပြည်နယ်,5,ဖရူဆိုကျေးရွာ အုပ်စု
5,ကယားပြည်နယ်,6,ထီးပေါ်ဆိုကျေးရွာအုပ်စု
5,ကယားပြည်နယ်,7,မာခရော်ရှေ့ ကျေးရွာ အုပ်စု
5,ကယားပြည်နယ်,8,ကေးလျား(ကြယ်ဖိုးကြီး) ကျေးရွာအုပ်စု
5,ကယားပြည်နယ်,9,တော်ခူ ကျေးရွာ အုပ်စု
6,ကယားပြည်နယ်,1,ဖရူဆိုမြို့နယ်အတွင်းရှိ  ထီးတရဲရပ်ကွက်(ဖရူဆိုမြို့)
6,ကယားပြည်နယ်,2,မိုဆို ကျေးရွာ အုပ်စု
6,ကယားပြည်နယ်,3,ဒိုးလာစောကျေးရွာ အုပ်စု
6,ကယားပြည်နယ်,4,ဒိုးပရယ် ကျေးရွာ အုပ်စု
6,ကယားပြည်နယ်,5,ရာဧပရား ကျေးရွာ အုပ်စု
6,ကယားပြည်နယ်,6,ဟိုယာ ကျေးရွာ အုပ်စု
6,ကယားပြည်နယ်,7,ဒိုမိုစောကျေးရွာ အုပ်စု
6,ကယားပြည်နယ်,8,ရော်ဒေါ်ခေါ ကျေးရွာ အုပ်စု
6,ကယားပြည်နယ်,9,ကေကောကျေးရွာ အုပ်စု
6,ကယားပြည်နယ်,10,သိုသီးဖို ကျေးရွာ အုပ်စု
7,ကယားပြည်နယ်,0,ရှားတောမြို့နယ် တစ်ခုလုံး
8,ကယားပြည်နယ်,1,ဘောလခဲမြို့နယ်အတွင်းရှိ  ရှမ်းပိုင်းရပ်ကွက်(ဘောလခဲမြို့)
8,ကယားပြည်နယ်,2,ကယားပိုင်းရပ်ကွက် (ဘောလခဲမြို့)
8,ကယားပြည်နယ်,3,နန်းဖဲကျေးရွာအုပ်စု
8,ကယားပြည်နယ်,4,ဘူးခူကျေးရွာအုပ်စု
9,ကယားပြည်နယ်,1,ဘောလခဲမြို့နယ်အတွင်းရှိ  မြောက်ပိုင်းရပ်ကွက်(ရွာသစ်မြို့)
9,ကယားပြည်နယ်,2,တောင်ပိုင်းရပ်ကွက်(ရွာသစ်မြို့)
9,ကယားပြည်နယ်,3,လွယ်ဝိုင်းကျေးရွာ အုပ်စု
9,ကယားပြည်နယ်,4,ဘောလခဲကျေးရွာအုပ်စု
9,ကယားပြည်နယ်,5,ချိကွဲ့ကျေးရွာ အုပ်စု
9,ကယားပြည်နယ်,6,စောလုံကျေးရွာ အုပ်စု
9,ကယားပြည်နယ်,7,ဝမ်လွဲ့ကျေးရွာ အုပ်စု
10,ကယားပြည်နယ်,1,ဖားဆောင်းမြို့နယ်အတွင်းရှိ  မြောက်ပိုင်းရပ်ကွက် (ဖားဆောင်းမြို့)
10,ကယားပြည်နယ်,2,တောင်ပိုင်းရပ်ကွက် (ဖားဆောင်းမြို့)
10,ကယားပြည်နယ်,3,ဖားဆောင်းကျေးရွာအုပ်စု
10,ကယားပြည်နယ်,4,ဝမ်အောင်းကျေးရွာအုပ်စု
10,ကယားပြည်နယ်,5,ဘဟန်းလော့ ကျေးရွာအုပ်စု
11,ကယားပြည်နယ်,1,ဖားဆောင်းမြို့နယ်အတွင်းရှိ  ကွာခီးကျေးရွာအုပ်စု
11,ကယားပြည်နယ်,2,ကော်သူ ဒိုး ကျေးရွာအုပ်စု
11,ကယားပြည်နယ်,3,မော်ချီးကျေးရွာအုပ်စု
11,ကယားပြည်နယ်,4,ကရယ်ခီး ကျေးရွာအုပ်စု
11,ကယားပြည်နယ်,5,မိုဆာခီးကျေးရွာအုပ်စု
12,ကယားပြည်နယ်,0,မယ်စဲမြို့နယ် တစ်ခုလုံး
1,ကရင်ပြည်နယ်,1,ဘားအံမြို့နယ်အတွင်းရှိ  ကူးဆိပ်ရပ်ကွက်(ဘားအံမြို့)
1,ကရင်ပြည်နယ်,2,ဇီးတောရပ်ကွက်(ဘားအံမြို့)
1,ကရင်ပြည်နယ်,3,ပြည်ထောင်စုရပ်ကွက် (ဘားအံမြို့)
1,ကရင်ပြည်နယ်,4,ဇွဲမာန်လွင်ရပ်ကွက်(ဘားအံမြို့)
1,ကရင်ပြည်နယ်,5,ထောင်ဝိ ရပ်ကွက်(ဘားအံမြို့)
1,ကရင်ပြည်နယ်,6,ကော့လှိုက်ကျေးရွာအုပ်စု
1,ကရင်ပြည်နယ်,7,တရုတ်လှ ကျေးရွာအုပ်စု
1,ကရင်ပြည်နယ်,8,ဝင်းကျန်ကျေးရွာအုပ်စု
1,ကရင်ပြည်နယ်,9,ကော့တရုတ်ရ ကျေးရွာအုပ်စု
1,ကရင်ပြည်နယ်,10,ကော့ထမ္မလိန်းကျေးရွာအုပ်စု
1,ကရင်ပြည်နယ်,11,ကော့ သင်း ကျေးရွာအုပ်စု
1,ကရင်ပြည်နယ်,12,ကျုံဖဲကျေးရွာအုပ်စု
1,ကရင်ပြည်နယ်,13,ကျုံစောင့် ကျေးရွာ အုပ်စု
1,ကရင်ပြည်နယ်,14,ကော့သင်းရှူး(ထမ္မတိုင်) ကျေးရွာ အုပ်စု
1,ကရင်ပြည်နယ်,15,ကော့စိန်ဘန်(အောက်)ကျေးရွာအုပ်စု
1,ကရင်ပြည်နယ်,16,ကော့ကဒါ ကျေးရွာအုပ်စု
1,ကရင်ပြည်နယ်,17,ကော့မူးတာကျေးရွာအုပ်စု
1,ကရင်ပြည်နယ်,18,ကံခရဲ ကျေးရွာအုပ်စု
1,ကရင်ပြည်နယ်,19,ခရဲ(ကမ်းနား)ကျေးရွာအုပ်စု
1,ကရင်ပြည်နယ်,20,ခယား (အတွင်း)ကျေးရွာ အုပ်စု
1,ကရင်ပြည်နယ်,21,ခယား(အပြင်) ကျေးရွာအုပ်စု
1,ကရင်ပြည်နယ်,22,ခလောက်ထောင်ကျေးရွာ အုပ်စု
1,ကရင်ပြည်နယ်,23,ဂျိုင်း ကျေးရွာ အုပ်စု
1,ကရင်ပြည်နယ်,24,ဇာသပြင်(အနောက်)ကျေးရွာ အုပ်စု
1,ကရင်ပြည်နယ်,25,တော်ပုံကျေးရွာ အုပ်စု
1,ကရင်ပြည်နယ်,26,နောင်လုံ(အရှေ့)ကျေးရွာအုပ်စု
1,ကရင်ပြည်နယ်,27,နောင်လုံ (အနောက်) ကျေးရွာအုပ်စု
1,ကရင်ပြည်နယ်,28,နောင်ကုန်းကျေးရွာအုပ်စု
1,ကရင်ပြည်နယ်,29,နတ်ထိပ်ကျေးရွာအုပ်စု
1,ကရင်ပြည်နယ်,30,နတ်ကျွန်းကျေးရွာ အုပ်စု
1,ကရင်ပြည်နယ်,31,နောင်ပလိန်ကျေးရွာ အုပ်စု
1,ကရင်ပြည်နယ်,32,ဗျက္ခကျေးရွာ အုပ်စု
1,ကရင်ပြည်နယ်,33,မိသရောင်ကျေးရွာ အုပ်စု
1,ကရင်ပြည်နယ်,34,ရဲသာကျေးရွာအုပ်စု
1,ကရင်ပြည်နယ်,35,လက္ခဏကျေးရွာအုပ်စု
1,ကရင်ပြည်နယ်,36,လှာကဒေါင်ကျေးရွာ အုပ်စု
1,ကရင်ပြည်နယ်,37,လွန်းညကျေးရွာ အုပ်စု
1,ကရင်ပြည်နယ်,38,လှိုင်ကဘာကျေးရွာအုပ်စု
1,ကရင်ပြည်နယ်,39,သံလှယ်ကျေးရွာအုပ်စု
1,ကရင်ပြည်နယ်,40,သာယာကုန်းကျေးရွာအုပ်စု
1,ကရင်ပြည်နယ်,41,သာမညကျေးရွာ အုပ်စု
1,ကရင်ပြည်နယ်,42,အုန်းတပင်ကျေးရွာ အုပ်စု
1,ကရင်ပြည်နယ်,43,အိန္ဒဲကျေးရွာအုပ်စု
1,ကရင်ပြည်နယ်,44,စံဖရီးကျေးရွာအုပ်စု
1,ကရင်ပြည်နယ်,45,ထောင် ကလပ်ကျေးရွာအုပ်စု
1,ကရင်ပြည်နယ်,46,အိန္ဒုကျေးရွာအုပ်စု
1,ကရင်ပြည်နယ်,47,ကော့စိန်ဘန် (အထက်)  ကျေးရွာ အုပ်စု
1,ကရင်ပြည်နယ်,48,ရွှေတော ကျေးရွာအုပ်စု
1,ကရင်ပြည်နယ်,49,ဇာသပြင်(အရှေ့) ကျေးရွာအုပ်စု
1,ကရင်ပြည်နယ်,50,ကော့လမု ကျေးရွာ အုပ်စု
2,ကရင်ပြည်နယ်,1,ဘားအံမြို့နယ်အတွင်းရှိ  သရက်တော
2,ကရင်ပြည်နယ်,0,မြိုင်သဇင်
2,ကရင်ပြည်နယ်,0,ကြာအင်း ရပ်ကွက် (ဘားအံမြို့)
2,ကရင်ပြည်နယ်,2,စျေးတန်းရပ်ကွက်(ဘားအံမြို့)
2,ကရင်ပြည်နယ်,3,အောင်နန်းမင်္ဂလာရပ်ကွက်(ဘားအံမြို့)
2,ကရင်ပြည်နယ်,4,ရတနာဒီပ ရပ်ကွက်(ဘားအံမြို့)
2,ကရင်ပြည်နယ်,5,ကော့သံခါကျေးရွာ အုပ်စု
2,ကရင်ပြည်နယ်,6,ကော့ ကျိုက်(ဖအွံ)ကျေးရွာ အုပ်စု
2,ကရင်ပြည်နယ်,7,ကော့ဂွန်း(ဖဲကတာ) ကျေးရွာ အုပ်စု
2,ကရင်ပြည်နယ်,8,ကော့ဂွန်း(ဘားကပ်)ကျေးရွာ အုပ်စု
2,ကရင်ပြည်နယ်,9,ကော့ရင်း (အောက်)ကျေးရွာအုပ်စု
2,ကရင်ပြည်နယ်,10,ကော့ထော်ကျေးရွာအုပ်စု
2,ကရင်ပြည်နယ်,11,ကျောက်တလုံးကျေးရွာအုပ်စု
2,ကရင်ပြည်နယ်,12,ခဲတောက်ကျေးရွာအုပ်စု
2,ကရင်ပြည်နယ်,13,ဆင်ကျုံးကျေးရွာ အုပ်စု
2,ကရင်ပြည်နယ်,14,ကုလားစု  ကျေးရွာအုပ်စု
2,ကရင်ပြည်နယ်,15,ထုံးအိုင် ကျေးရွာ အုပ်စု
2,ကရင်ပြည်နယ်,16,နောင်ထလုံး ကျေးရွာအုပ်စု
2,ကရင်ပြည်နယ်,17,နှစ်ခြားကျေးရွာအုပ်စု
2,ကရင်ပြည်နယ်,18,နောင်ကျန် ကျေးရွာအုပ်စု
2,ကရင်ပြည်နယ်,19,ပန်းကုန်းကျေးရွာအုပ်စု
2,ကရင်ပြည်နယ်,20,ဖဲကတာ ကျေးရွာအုပ်စု
2,ကရင်ပြည်နယ်,21,ဖအွံကျေးရွာ အုပ်စု
2,ကရင်ပြည်နယ်,22,ဘားကပ်ကျေးရွာ အုပ်စု
2,ကရင်ပြည်နယ်,23,မိဇံ ကျေးရွာအုပ်စု
2,ကရင်ပြည်နယ်,24,ကော့ကူးကျေးရွာ အုပ်စု
2,ကရင်ပြည်နယ်,25,မိကရင် ကျေးရွာအုပ်စု
2,ကရင်ပြည်နယ်,26,မုက္ကဒိကျေးရွာ အုပ်စု
2,ကရင်ပြည်နယ်,27,မြိုင်ကလေး ကျေးရွာအုပ်စု
2,ကရင်ပြည်နယ်,28,မှိုင်းကံကျေးရွာ အုပ်စု
2,ကရင်ပြည်နယ်,29,ရသေ့ပျံ ကျေးရွာ အုပ်စု
2,ကရင်ပြည်နယ်,30,ရေကျော်ကျေးရွာ အုပ်စု
2,ကရင်ပြည်နယ်,31,မင်းဇီ ကျေးရွာအုပ်စု
2,ကရင်ပြည်နယ်,32,ဝဲကြီးကျေးရွာအုပ်စု
2,ကရင်ပြည်နယ်,33,ဝတ်ကြီး ကျေးရွာ အုပ်စု
2,ကရင်ပြည်နယ်,34,ကော့ရင်း(အထက်) ကျေးရွာ အုပ်စု
2,ကရင်ပြည်နယ်,35,ဘင်ဂျီကျေးရွာ အုပ်စု
2,ကရင်ပြည်နယ်,36,လှာကာ ကျေးရွာ အုပ်စု
2,ကရင်ပြည်နယ်,37,လှာကမြင်ကျေးရွာ အုပ်စု
2,ကရင်ပြည်နယ်,38,တကောင် ဘိုးကျေးရွာ အုပ်စု
2,ကရင်ပြည်နယ်,39,တံတားဦးကျေးရွာအုပ်စု
2,ကရင်ပြည်နယ်,40,ကျုံမသွယ်ကျေးရွာ အုပ်စု
2,ကရင်ပြည်နယ်,41,မီးဇိုင်း ကျေးရွာအုပ်စု
2,ကရင်ပြည်နယ်,42,အီဟယ်ကျေးရွာအုပ်စု
2,ကရင်ပြည်နယ်,43,နောင်ကမြိုင်ကျေးရွာ အုပ်စု
2,ကရင်ပြည်နယ်,44,ပေါ့ထော်ကျေးရွာ အုပ်စု
2,ကရင်ပြည်နယ်,45,ပျဉ်းမပင်ဆိပ်ကျေးရွာအုပ်စု
2,ကရင်ပြည်နယ်,46,ဟတ္တလိုက် ကျေးရွာအုပ်စု
2,ကရင်ပြည်နယ်,47,ကျုံထော်ကျေးရွာအုပ်စု
2,ကရင်ပြည်နယ်,48,မဲသန ကျေးရွာအုပ်စု
2,ကရင်ပြည်နယ်,49,တဂေးလောင်းကျေးရွာအုပ်စု
2,ကရင်ပြည်နယ်,50,ကော်ဟဲ ကျေးရွာ အုပ်စု
3,ကရင်ပြည်နယ်,1,လှိုင်းဘွဲ့မြို့နယ်အတွင်းရှိ  (က)ရပ်ကွက်(လှိုင်းဘွဲ့မြို့)
3,ကရင်ပြည်နယ်,2,(ခ) ရပ်ကွက်(လှိုင်းဘွဲ့မြို့)
3,ကရင်ပြည်နယ်,3,(ဂ)ရပ်ကွက်(လှိုင်းဘွဲ့မြို့)
3,ကရင်ပြည်နယ်,4,(ဃ) ရပ်ကွက်(လှိုင်းဘွဲ့မြို့)
3,ကရင်ပြည်နယ်,5,ကမော့ကချူးကျေးရွာအုပ်စု
3,ကရင်ပြည်နယ်,6,ကော့လှိုင်းကျေးရွာ အုပ်စု
3,ကရင်ပြည်နယ်,7,ကွမ်ဘီကျေးရွာ အုပ်စု
3,ကရင်ပြည်နယ်,8,ပိန္နဲ တောကျေးရွာ အုပ်စု
3,ကရင်ပြည်နယ်,9,ကွမ်တာကျေးရွာ အုပ်စု
3,ကရင်ပြည်နယ်,10,ဒိုင်းပြ ကျေးရွာ အုပ်စု
3,ကရင်ပြည်နယ်,11,ဆင်ကူးကျေးရွာ အုပ်စု
3,ကရင်ပြည်နယ်,12,အထက်ရေပူ ကျေးရွာ အုပ်စု
3,ကရင်ပြည်နယ်,13,အောက်ရေပူကျေးရွာ အုပ်စု
3,ကရင်ပြည်နယ်,14,သမ္ဘာန် ကျေးရွာ အုပ်စု
3,ကရင်ပြည်နယ်,15,နောင်သငဲ့ကျေးရွာ အုပ်စု
3,ကရင်ပြည်နယ်,16,သပုတို ကျေးရွာ အုပ်စု
3,ကရင်ပြည်နယ်,17,ကြာအင်းကျေးရွာ အုပ်စု
3,ကရင်ပြည်နယ်,18,ရွှေဂွန်း ကျေးရွာ အုပ်စု
3,ကရင်ပြည်နယ်,19,ကိုမောင်ကျေးရွာ အုပ်စု
3,ကရင်ပြည်နယ်,20,မြလေးကျေးရွာအုပ်စု
3,ကရင်ပြည်နယ်,21,အင်းနိုသိပ္ပံ ကျေးရွာ အုပ်စု
3,ကရင်ပြည်နယ်,22,တဝန်ဖန်ရ ကျေးရွာ အုပ်စု
3,ကရင်ပြည်နယ်,23,ကျုံပကို ကျေးရွာ အုပ်စု
3,ကရင်ပြည်နယ်,24,ဂျို့ချောင်း ကျေးရွာ အုပ်စု
3,ကရင်ပြည်နယ်,25,ဥဒေါင်း ကျေးရွာ အုပ်စု
3,ကရင်ပြည်နယ်,26,တခင်းလုံးကျေးရွာအုပ်စု
3,ကရင်ပြည်နယ်,27,သာယာကုန်း (ကပ္ပလီ) ကျေးရွာအုပ်စု
3,ကရင်ပြည်နယ်,28,နောကောကျေးရွာအုပ်စု
3,ကရင်ပြည်နယ်,29,ထီလုံ ကျေးရွာအုပ်စု
3,ကရင်ပြည်နယ်,30,ဝင်းစိန်ကျေးရွာအုပ်စု
3,ကရင်ပြည်နယ်,31,နောင်တိုင် ကျေးရွာအုပ်စု
3,ကရင်ပြည်နယ်,32,ထသိန်ကြိုးဝိုင်းကျေးရွာအုပ်စု
3,ကရင်ပြည်နယ်,33,ပတ် ကျော ကျေးရွာ အုပ်စု
4,ကရင်ပြည်နယ်,1,လှိုင်းဘွဲ့မြို့နယ်အတွင်းရှိ  အမှတ် (1) ရပ်ကွက် (ပိုင်ကျုံမြို့)
4,ကရင်ပြည်နယ်,2,အမှတ် (2) ရပ်ကွက်(ပိုင်ကျုံမြို့)
4,ကရင်ပြည်နယ်,3,အမှတ် (3) ရပ်ကွက် (ပိုင်ကျုံမြို့)
4,ကရင်ပြည်နယ်,4,အမှတ် (4)ရပ်ကွက်(ပိုင်ကျုံမြို့)
4,ကရင်ပြည်နယ်,5,အမှတ် (5)ရပ်ကွက်(ပိုင်ကျုံမြို့)
4,ကရင်ပြည်နယ်,6,အမှတ် (1)ရပ်ကွက် (ရှမ်းရွာသစ် မြို့)
4,ကရင်ပြည်နယ်,7,အမှတ် (2) ရပ်ကွက်(ရှမ်းရွာသစ်မြို့)
4,ကရင်ပြည်နယ်,8,အမှတ် (3) ရပ်ကွက် (ရှမ်းရွာသစ်မြို့)
4,ကရင်ပြည်နယ်,9,အမှတ် (4) ရပ်ကွက်(ရှမ်းရွာ သစ်မြို့)
4,ကရင်ပြည်နယ်,10,ကစို ကျေးရွာ အုပ်စု
4,ကရင်ပြည်နယ်,11,နောင်ခလုံး ကျေးရွာ အုပ်စု
4,ကရင်ပြည်နယ်,12,မိုးနိုင်း ကျေးရွာ အုပ်စု
4,ကရင်ပြည်နယ်,13,ဝင်းဖရ ကျေးရွာ အုပ်စု
4,ကရင်ပြည်နယ်,14,နောင်ဘိုးကြီးကျေးရွာအုပ်စု
4,ကရင်ပြည်နယ်,15,ရွာကိုင်းကောင်း ကျေးရွာ အုပ်စု
4,ကရင်ပြည်နယ်,16,ကော့နွဲ့ ကျေးရွာ အုပ်စု
4,ကရင်ပြည်နယ်,17,နောင်မြလွဲ ကျေးရွာအုပ်စု
4,ကရင်ပြည်နယ်,18,ကော့ဖမွတ် ကျေးရွာအုပ်စု
4,ကရင်ပြည်နယ်,9,ကော့မရိုင်း ကျေးရွာအုပ်စု
4,ကရင်ပြည်နယ်,20,ဒေါ်လန်းကျေးရွာအုပ်စု
4,ကရင်ပြည်နယ်,21,ပတကျေးရွာ အုပ်စု
4,ကရင်ပြည်နယ်,22,ရေပူကြီး ကျေးရွာ အုပ်စု
4,ကရင်ပြည်နယ်,23,ကြက်တူရွေး ကျေးရွာ အုပ်စု
4,ကရင်ပြည်နယ်,24,ပေါလောက် ကျေးရွာ အုပ်စု
4,ကရင်ပြည်နယ်,25,ပေါင် ကျေးရွာ အုပ်စု
4,ကရင်ပြည်နယ်,26,ထန်းတပင် ကျေးရွာ အုပ်စု
4,ကရင်ပြည်နယ်,27,နောင်ခွီး ကျေးရွာ အုပ်စု
4,ကရင်ပြည်နယ်,28,ဘီစကတ် ကျေးရွာ အုပ်စု
4,ကရင်ပြည်နယ်,29,ထီဖိုးကိန် ကျေးရွာ အုပ်စု
4,ကရင်ပြည်နယ်,30,တာကရား ကျေးရွာ အုပ်စု
4,ကရင်ပြည်နယ်,31,ဝင်းစော ကျေးရွာ အုပ်စု
4,ကရင်ပြည်နယ်,32,လော်ကော် ကျေးရွာ အုပ်စု
4,ကရင်ပြည်နယ်,33,မဲပရ ကျေးရွာ အုပ်စု
4,ကရင်ပြည်နယ်,34,မိကြောင် ကျေးရွာ အုပ်စု
4,ကရင်ပြည်နယ်,35,တာလယ် ကျေးရွာ အုပ်စု
4,ကရင်ပြည်နယ်,36,သမိုကျေးရွာအုပ်စု
4,ကရင်ပြည်နယ်,37,နွဲ့ပညာကျေးရွာ အုပ်စု
4,ကရင်ပြည်နယ်,38,ကဒီကံကျေးရွာအုပ်စု
4,ကရင်ပြည်နယ်,39,ကော့မြတ်ကြီး ကျေးရွာ အုပ်စု
4,ကရင်ပြည်နယ်,40,တာပေါင် ကျေးရွာ အုပ်စု
4,ကရင်ပြည်နယ်,41,မမော့လဲ (မအဲ) (အလယ်) ကျေးရွာ အုပ်စု
4,ကရင်ပြည်နယ်,42,ကမော့လဲ (ကျောင်း) ကျေးရွာ အုပ်စု
4,ကရင်ပြည်နယ်,43,မဲလောခီး ကျေးရွာ အုပ်စု
4,ကရင်ပြည်နယ်,44,မဲသမူ ကျေးရွာ အုပ်စု
4,ကရင်ပြည်နယ်,45,စောလောကျေးရွာ အုပ်စု
4,ကရင်ပြည်နယ်,46,ရင်းဘိုင်း ကျေးရွာ အုပ်စု
4,ကရင်ပြည်နယ်,47,ရေတံခွန်ကျေးရွာ အုပ်စု
4,ကရင်ပြည်နယ်,48,မဲလရော ကျေးရွာ အုပ်စု
4,ကရင်ပြည်နယ်,49,ပထလာပ ကျေးရွာ အုပ်စု
4,ကရင်ပြည်နယ်,50,ပိုးပလေ ကျေးရွာ အုပ်စု
4,ကရင်ပြည်နယ်,51,ကွီးလေး ကျေးရွာ အုပ်စု
4,ကရင်ပြည်နယ်,52,တခွက်ဖိုး ကျေးရွာ အုပ်စု
5,ကရင်ပြည်နယ်,1,ဖာပွန်မြို့နယ်အတွင်းရှိ  အမှတ်(1)ရပ်ကွက်(ဖာပွန်မြို့)
5,ကရင်ပြည်နယ်,2,အမှတ်(2)ရပ်ကွက်(ဖာပွန်မြို့)
5,ကရင်ပြည်နယ်,3,အမှတ်(3)ရပ်ကွက် (ဖာပွန်မြို့)
5,ကရင်ပြည်နယ်,4,အမှတ်(4)ရပ်ကွက်(ဖာပွန်မြို့)
5,ကရင်ပြည်နယ်,5,ဖာပွန် (အနောက်) ကျေးရွာအုပ်စု
5,ကရင်ပြည်နယ်,6,မဲသလွတ်ကျေးရွာအုပ်စု
5,ကရင်ပြည်နယ်,7,တံခွန်တိုင်ကျေးရွာအုပ်စု
5,ကရင်ပြည်နယ်,8,ဝှေဆန်ကျေးရွာအုပ်စု
5,ကရင်ပြည်နယ်,9,မထောကျေးရွာအုပ်စု
5,ကရင်ပြည်နယ်,10,ခေါပုတ်ကျေးရွာအုပ်စု
5,ကရင်ပြည်နယ်,11,ပန် ဟိုက်ကျေးရွာအုပ်စု
5,ကရင်ပြည်နယ်,12,ဘွားဒိုးကျေးရွာအုပ်စု
5,ကရင်ပြည်နယ်,13,ပျဉ်းမ ကျေးရွာအုပ်စု
5,ကရင်ပြည်နယ်,14,တေးမူဒိုးကျေးရွာအုပ်စု
5,ကရင်ပြည်နယ်,15,ကော့လူဒိုး ကျေးရွာအုပ်စု
5,ကရင်ပြည်နယ်,16,ဘဲစောလော်ကျေးရွာအုပ်စု
5,ကရင်ပြည်နယ်,17,ထီးဘောခီး ကျေးရွာအုပ်စု
5,ကရင်ပြည်နယ်,18,မင်းနန်းနွယ်ကျေးရွာအုပ်စု
5,ကရင်ပြည်နယ်,19,နန်းခူခီး ကျေးရွာအုပ်စု
5,ကရင်ပြည်နယ်,20,မဲဝိုင်ကျေးရွာ အုပ်စု
5,ကရင်ပြည်နယ်,21,ကျောက်တောင် ကျေးရွာအုပ်စု
5,ကရင်ပြည်နယ်,22,မဲတူခီးကျေးရွာ အုပ်စု
6,ကရင်ပြည်နယ်,1,ဖာပွန်မြို့နယ်အတွင်းရှိ  အမှတ်(1)ရပ်ကွက်(ကမမောင်းမြို့)
6,ကရင်ပြည်နယ်,2,အမှတ်(2)ရပ်ကွက် (ကမမောင်းမြို့)
6,ကရင်ပြည်နယ်,3,အမှတ်(3)ရပ်ကွက် (ကမမောင်းမြို့)
6,ကရင်ပြည်နယ်,4,အမှတ်(4)ရပ် ကွက် (ကမမောင်းမြို့)
6,ကရင်ပြည်နယ်,5,ဆင်ဆွယ်ကျေးရွာအုပ်စု
6,ကရင်ပြည်နယ်,6,ကတိုင်တိကျေးရွာအုပ်စု
6,ကရင်ပြည်နယ်,7,ဒေးဝါး(နတ်ကျောက်)ကျေးရွာအုပ်စု
6,ကရင်ပြည်နယ်,8,ရွှေဖလားကျ ကျေးရွာအုပ်စု
6,ကရင်ပြည်နယ်,9,မဲပလိကျေးရွာအုပ်စု
6,ကရင်ပြည်နယ်,10,ကွင်းဒလ(ရေပူ) ကျေးရွာအုပ်စု
6,ကရင်ပြည်နယ်,11,ပုဇွန်မြောင်းကျေးရွာအုပ်စု
6,ကရင်ပြည်နယ်,12,ဝါကော် ကျေးကျေးရွာအုပ်စု
6,ကရင်ပြည်နယ်,13,ဒေါမွဲကျေးရွာအုပ်စု
6,ကရင်ပြည်နယ်,14,မြင်းတပြေး ကျေးရွာအုပ်စု
6,ကရင်ပြည်နယ်,15,လှဂွန်းပျိုကျေးရွာအုပ်စု
6,ကရင်ပြည်နယ်,16,မလေးကျောက် ကျေးရွာအုပ်စု
6,ကရင်ပြည်နယ်,17,ဝင်းမောင်း(သရက်ပင်ဆိပ်) ကျေးရွာအုပ်စု
6,ကရင်ပြည်နယ်,18,မဲချုံဝကျေးရွာအုပ်စု
6,ကရင်ပြည်နယ်,19,ကွမ်းပင်ဝကျေးရွာ အုပ်စု
7,ကရင်ပြည်နယ်,0,သံတောင်ကြီးမြို့နယ် တစ်ခုလုံး
8,ကရင်ပြည်နယ်,0,မြဝတီမြို့နယ်တစ်ခုလုံး
9,ကရင်ပြည်နယ်,1,ကော့ကရိတ်မြို့နယ်အတွင်းရှိ  ချောင်းတောင်ရပ်ကွက်(ကော့ ကရိတ်မြို့)
9,ကရင်ပြည်နယ်,2,ဝင်းကြီးရပ်ကွက်(ကော့ကရိတ်မြို့)
9,ကရင်ပြည်နယ်,3,အလယ် တန်း ရပ်ကွက် (ကော့ကရိတ်မြို့)
9,ကရင်ပြည်နယ်,4,အထက်တောင်သူစု ရပ်ကွက် (ကော့ကရိတ်မြို့)
9,ကရင်ပြည်နယ်,5,အောက်တောင်သူစု ရပ်ကွက် (ကော့ကရိတ်မြို့)
9,ကရင်ပြည်နယ်,6,အနောက်ပိုင်းရပ်ကွက်(ကော့ကရိတ်မြို့)
9,ကရင်ပြည်နယ်,7,တံတားဦးရပ်ကွက်(ကော့ကရိတ်မြို့)
9,ကရင်ပြည်နယ်,8,သရက်တော ကျေးရွာ အုပ်စု
9,ကရင်ပြည်နယ်,9,ဝဲလစ်ကျေးရွာအုပ်စု
9,ကရင်ပြည်နယ်,10,အင်းရှည် ကျေးရွာ အုပ်စု
9,ကရင်ပြည်နယ်,11,ခနိမ်းဖော်ကျေးရွာအုပ်စု
9,ကရင်ပြည်နယ်,12,နဘူးနှစ်ချားကျေးရွာ အုပ်စု
9,ကရင်ပြည်နယ်,13,နဘူးတံခွန်တိုင်ကျေးရွာအုပ်စု
9,ကရင်ပြည်နယ်,14,နောင်တပွဲ ကျေးရွာ အုပ်စု
9,ကရင်ပြည်နယ်,15,ထီကလေးကျေးရွာအုပ်စု
9,ကရင်ပြည်နယ်,16,နောင်ကိုင်း ကျေးရွာ အုပ်စု
9,ကရင်ပြည်နယ်,17,ထိဖိုးဇံကျေးရွာအုပ်စု
9,ကရင်ပြည်နယ်,18,နောင်ထပ္ပံကျေးရွာ အုပ်စု
9,ကရင်ပြည်နယ်,19,မြပတိုင်ကျေးရွာအုပ်စု
9,ကရင်ပြည်နယ်,20,ကျုံဘိုင်းကျေးရွာအုပ်စု
9,ကရင်ပြည်နယ်,21,ဒေါဖျာကျေးရွာအုပ်စု
9,ကရင်ပြည်နယ်,22,ရန်ကုတ်ကျေးရွာအုပ်စု
9,ကရင်ပြည်နယ်,23,တတံကူး ကျေးရွာအုပ်စု
9,ကရင်ပြည်နယ်,24,ကော့နွဲကျေးရွာအုပ်စု
9,ကရင်ပြည်နယ်,25,မြောက်ကြာအင်း ကျေးရွာအုပ်စု
9,ကရင်ပြည်နယ်,26,ရေကျော်ကြီးကျေးရွာအုပ်စု
9,ကရင်ပြည်နယ်,27,ဟောင် သရော ကျေးရွာအုပ်စု
9,ကရင်ပြည်နယ်,28,အံဖကြီးကျေးရွာအုပ်စု
9,ကရင်ပြည်နယ်,29,စက္ကဝက် ကျေးရွာအုပ်စု
9,ကရင်ပြည်နယ်,30,ဒေါက်ပလန်ကျေးရွာအုပ်စု
9,ကရင်ပြည်နယ်,31,ကျုံဒိုး ချောင်းဖျားကျေးရွာအုပ်စု
9,ကရင်ပြည်နယ်,32,အင်းကြီးကျေးရွာအုပ်စု
10,ကရင်ပြည်နယ်,1,ကော့ကရိတ်မြို့နယ်အတွင်းရှိ  အမှတ် (1) ရပ်ကွက်(ကျုံဒိုး မြို့)
10,ကရင်ပြည်နယ်,2,အမှတ် (2) ရပ်ကွက်(ကျုံဒိုးမြို့)
10,ကရင်ပြည်နယ်,3,အမှတ် (3) ရပ်ကွက်(ကျုံဒိုးမြို့)
10,ကရင်ပြည်နယ်,4,အမှတ် (4) ရပ်ကွက်(ကျုံဒိုးမြို့)
10,ကရင်ပြည်နယ်,5,ကော့ဝါလဲ ကျေးရွာအုပ်စု
10,ကရင်ပြည်နယ်,6,ရေပူကြီး ကျေးရွာ အုပ်စု
10,ကရင်ပြည်နယ်,7,မြောက်ကမ္မရိုက်ကျေးရွာအုပ်စု
10,ကရင်ပြည်နယ်,8,တောင်ကမ္မရိုက်ကျေးရွာ အုပ်စု
10,ကရင်ပြည်နယ်,9,သမိန်ဒွတ် ကျေးရွာ အုပ်စု
10,ကရင်ပြည်နယ်,10,ဝင်းကကျေးရွာ အုပ်စု
10,ကရင်ပြည်နယ်,11,ထီဟူးသံ ကျေးရွာ အုပ်စု
10,ကရင်ပြည်နယ်,12,တောင်ကြာအင်း ကျေးရွာအုပ်စု
10,ကရင်ပြည်နယ်,13,လောင်းကိုင်ကျေးရွာအုပ်စု
10,ကရင်ပြည်နယ်,14,အံကောင် ကျေးရွာ အုပ်စု
10,ကရင်ပြည်နယ်,15,တရိတခေါင်းကျေးရွာအုပ်စု
10,ကရင်ပြည်နယ်,16,သပြု (ကမော့ပိ) ကျေးရွာအုပ်စု
10,ကရင်ပြည်နယ်,17,အနောက်ဘက်ကမ်း ကျေးရွာ အုပ်စု
10,ကရင်ပြည်နယ်,18,ကမ်းနီ ကျေးရွာ အုပ်စု
10,ကရင်ပြည်နယ်,19,မိကလုံ ကျေးရွာ အုပ်စု
10,ကရင်ပြည်နယ်,20,ကုလားကျောက်ဖျာကျေးရွာအုပ်စု
10,ကရင်ပြည်နယ်,21,ကရင် ကျောက်ဖျာ ကျေးရွာ အုပ်စု
10,ကရင်ပြည်နယ်,22,ကော့လျှမ်းကျေးရွာ အုပ်စု
10,ကရင်ပြည်နယ်,23,ဖါးဘုတ်ကျေးရွာအုပ်စု
10,ကရင်ပြည်နယ်,24,အီဘိုင်းကျေးရွာ အုပ်စု
10,ကရင်ပြည်နယ်,25,ကညင်ကတိုက်ကျေးရွာအုပ်စု
10,ကရင်ပြည်နယ်,26,ခရစ်ကျောက်တန်း ကျေးရွာ အုပ်စု
10,ကရင်ပြည်နယ်,27,မင်းရွာ ကျေးရွာ အုပ်စု
10,ကရင်ပြည်နယ်,28,ကော့ပေါက် ကျေးရွာ အုပ်စု
10,ကရင်ပြည်နယ်,29,ကော့ဘိန်း ကျေးရွာ အုပ်စု
10,ကရင်ပြည်နယ်,30,ကော့ဂိုး ကျေးရွာ အုပ်စု
10,ကရင်ပြည်နယ်,31,ပိုင်ရပ်ကျေးရွာအုပ်စု
10,ကရင်ပြည်နယ်,32,ခရင်း ကျေးရွာ အုပ်စု
11,ကရင်ပြည်နယ်,1,ကြာအင်းဆိပ်ကြီးမြို့နယ်အတွင်းရှိ  အမှတ် (1) ရပ်ကွက် (ကြာအင်းဆိပ်ကြီးမြို့)
11,ကရင်ပြည်နယ်,2,အမှတ် (2) ရပ်ကွက်(ကြာအင်းဆိပ် ကြီးမြို့)
11,ကရင်ပြည်နယ်,3,အမှတ်(3)ရပ်ကွက်(ကြာအင်းဆိပ်ကြီးမြို့)
11,ကရင်ပြည်နယ်,4,အမှတ် (4)ရပ်ကွက်(ကြာအင်းဆိပ်ကြီးမြို့)
11,ကရင်ပြည်နယ်,5,အမှတ် (5) ရပ်ကွက် (ကြာအင်းဆိပ်ကြီးမြို့)
11,ကရင်ပြည်နယ်,6,အမှတ်(6)ရပ်ကွက် (ကြာအင်းဆိပ် ကြီးမြို့)
11,ကရင်ပြည်နယ်,7,ကြာအင်းရွှေဒိုးကျေးရွာအုပ်စု
11,ကရင်ပြည်နယ်,8,ကျခတ်ချောင်း ကျေးရွာအုပ်စု
11,ကရင်ပြည်နယ်,9,ရွှေတောင်ဘိုကျေးရွာအုပ်စု
11,ကရင်ပြည်နယ်,10,ကမော့ ကျေးရွာအုပ်စု
11,ကရင်ပြည်နယ်,11,သံပုရာကျေးရွာအုပ်စု
11,ကရင်ပြည်နယ်,12,အကလော ကျေးရွာအုပ်စု
11,ကရင်ပြည်နယ်,13,ဒါလီကျေးရွာအုပ်စု
11,ကရင်ပြည်နယ်,14,နတ်ချောင်း ကန်းနားကျေးရွာအုပ်စု
11,ကရင်ပြည်နယ်,15,နတ်ချောင်း အလယ်ကျေးရွာ အုပ်စု
11,ကရင်ပြည်နယ်,16,ခွေးသိုးဆိပ်ကျေးရွာအုပ်စု
11,ကရင်ပြည်နယ်,17,ကစပ် ကျေးရွာ အုပ်စု
11,ကရင်ပြည်နယ်,18,ဓနိုး ကျေးရွာအုပ်စု
11,ကရင်ပြည်နယ်,19,ကွမ်ကသောင် ကျေးရွာ အုပ်စု
11,ကရင်ပြည်နယ်,20,ဝင်းရော်ဆိပ်ကြီး ကျေးရွာအုပ်စု
11,ကရင်ပြည်နယ်,21,ခလယ်စော ကျေးရွာအုပ်စု
11,ကရင်ပြည်နယ်,22,ခလယ်ကျေးရွာအုပ်စု
11,ကရင်ပြည်နယ်,23,ဆိပ်ကလေး ကျေးရွာအုပ်စု
11,ကရင်ပြည်နယ်,24,ရသေ့ ကျေးရွာ အုပ်စု
12,ကရင်ပြည်နယ်,1,ကြာအင်းဆိပ်ကြီးမြို့နယ်အတွင်းရှိ  အမှတ် (1) ရပ်ကွက် (ကျိုက်ဒုံမြို့)
12,ကရင်ပြည်နယ်,2,အမှတ် (2) ရပ်ကွက်(ကျိုက်ဒုံမြို့)
12,ကရင်ပြည်နယ်,3,အမှတ် (3) ရပ်ကွက်(ကျိုက်ဒုံမြို့)
12,ကရင်ပြည်နယ်,4,အမှတ် (4) ရပ်ကွက်(ကျိုက်ဒုံ မြို့)
12,ကရင်ပြည်နယ်,5,အမှတ် (5) ရပ်ကွက်(ကျိုက်ဒုံမြို့)
12,ကရင်ပြည်နယ်,6,အမှတ် (6) ရပ်ကွက်(ကျိုက်ဒုံမြို့)
12,ကရင်ပြည်နယ်,7,အမှတ်(1)ရပ်ကွက် (ဘုရားသုံးဆူ မြို့)
12,ကရင်ပြည်နယ်,8,အမှတ် (2) ရပ်ကွက် (ဘုရားသုံးဆူမြို့)
12,ကရင်ပြည်နယ်,9,အမှတ် (3) ရပ်ကွက်(ဘုရားသုံးဆူမြို့)
12,ကရင်ပြည်နယ်,10,အမှတ် (4) ရပ်ကွက် (ဘုရားသုံးဆူမြို့)
12,ကရင်ပြည်နယ်,11,မိတန်ကျေးရွာအုပ်စု
12,ကရင်ပြည်နယ်,12,အစွန်း ကျေးရွာ အုပ်စု
12,ကရင်ပြည်နယ်,13,ကော့ဆိုင်ကျေးရွာအုပ်စု
12,ကရင်ပြည်နယ်,14,ကွင်းကလေး ကျေးရွာ အုပ်စု
12,ကရင်ပြည်နယ်,15,မော်ခဲခီးကျေးရွာအုပ်စု
12,ကရင်ပြည်နယ်,16,သာကထ ကျေးရွာ အုပ်စု
12,ကရင်ပြည်နယ်,17,ထီဝါကလူးကျေးရွာအုပ်စု
12,ကရင်ပြည်နယ်,18,မိနအကျေးရွာ အုပ်စု
12,ကရင်ပြည်နယ်,19,အဇင်းကျေးရွာအုပ်စု
12,ကရင်ပြည်နယ်,20,ခွိကလုံ ကျေးရွာအုပ်စု
12,ကရင်ပြည်နယ်,21,လယ်တောကြီးကျေးရွာအုပ်စု
12,ကရင်ပြည်နယ်,22,ကမော့သဲ(ဝင်းလုံ)ကျေးရွာ အုပ်စု
12,ကရင်ပြည်နယ်,23,တောင်ဝိုင်းကျေးရွာအုပ်စု
12,ကရင်ပြည်နယ်,24,နောင်တခို ကျေးရွာ အုပ်စု
12,ကရင်ပြည်နယ်,25,တောင်ကလေးကျေးရွာအုပ်စု
12,ကရင်ပြည်နယ်,26,ဖါကွီး ကျေးရွာ အုပ်စု
12,ကရင်ပြည်နယ်,27,ပိုင်ကလာဒုံကျေးရွာအုပ်စု
12,ကရင်ပြည်နယ်,28,ခုဒုံ ကျေးရွာ အုပ်စု
12,ကရင်ပြည်နယ်,29,လန်းဖါးကျေးရွာအုပ်စု
12,ကရင်ပြည်နယ်,30,သင်္ဃန်းပင်ဆိပ်ကျေးရွာ အုပ်စု
12,ကရင်ပြည်နယ်,31,ခွါဟေး ကျေးရွာအုပ်စု
12,ကရင်ပြည်နယ်,32,ပြောင်မထိမ် ကျေးရွာ အုပ်စု
12,ကရင်ပြည်နယ်,33,ထိဆုံကျေးရွာအုပ်စု
12,ကရင်ပြည်နယ်,34,ကျွန်းချောင်း ကျေးရွာ အုပ်စု
12,ကရင်ပြည်နယ်,35,အနန်းကွင်းကျေးရွာအုပ်စု
12,ကရင်ပြည်နယ်,36,ကျောက်ဘီလူး ကျေးရွာအုပ်စု
12,ကရင်ပြည်နယ်,37,ဖါးပြကျေးရွာအုပ်စု
12,ကရင်ပြည်နယ်,38,ကိုးမားကျေးရွာ အုပ်စု
12,ကရင်ပြည်နယ်,39,လွှတ်ရှမ်းကျေးရွာအုပ်စု
12,ကရင်ပြည်နယ်,40,ကျုံခဝန် ကျေးရွာ အုပ်စု
12,ကရင်ပြည်နယ်,41,ဝင်းခနကျေးရွာအုပ်စု
12,ကရင်ပြည်နယ်,42,တံခွန်တိုင် ကျေးရွာ အုပ်စု
12,ကရင်ပြည်နယ်,43,တောင်ဒီးကျေးရွာအုပ်စု
1,ချင်းပြည်နယ်,1,ဟားခါးမြို့နယ်အတွင်းရှိ  စျေးဟောင်းရပ်ကွက် (ဟားခါးမြို့)
1,ချင်းပြည်နယ်,2,ပြည်တော်သာရပ်ကွက် (ဟားခါးမြို့)
1,ချင်းပြည်နယ်,3,မြို့သစ်ရပ်ကွက် (ဟားခါးမြို့)
1,ချင်းပြည်နယ်,4,မြို့ဟောင်းရပ်ကွက်(ဟားခါးမြို့)
1,ချင်းပြည်နယ်,5,ခွာဘဲ ကျေးရွာအုပ်စု
1,ချင်းပြည်နယ်,6,ချွန်ကျုံးကျေးရွာအုပ်စု
1,ချင်းပြည်နယ်,7,ဇိုးခွားကျေးရွာ အုပ်စု
1,ချင်းပြည်နယ်,8,ဒါအိုချိမ်းကျေးရွာအုပ်စု
1,ချင်းပြည်နယ်,9,နှီရ်လောန်းကျေးရွာ အုပ်စု
1,ချင်းပြည်နယ်,10,ဖါရွန်းကျေးရွာအုပ်စု
1,ချင်းပြည်နယ်,11,ဗန်ဟား ကျေးရွာအုပ်စု
1,ချင်းပြည်နယ်,12,ဘွာလ်တပ်ကျေးရွာအုပ်စု
1,ချင်းပြည်နယ်,13,မာလ်ဆောမ်ကျေးရွာအုပ်စု
1,ချင်းပြည်နယ်,14,ရင်ပီးကျေးရွာအုပ်စု
1,ချင်းပြည်နယ်,15,ရွာန်းကျေးရွာအုပ်စု
1,ချင်းပြည်နယ်,16,သီနမ်း ကျေးရွာ အုပ်စု
1,ချင်းပြည်နယ်,17,သီဖူလ်းကျေးရွာအုပ်စု
1,ချင်းပြည်နယ်,18,ဟရန်ဟရိန်း ကျေးရွာအုပ်စု
1,ချင်းပြည်နယ်,19,ဟိုင်ဖိုင်ကျေးရွာအုပ်စု
2,ချင်းပြည်နယ်,1,ဟားခါးမြို့နယ်အတွင်းရှိ  ကျောဘုတ်ရပ်ကွက်(ဟားခါးမြို့)
2,ချင်းပြည်နယ်,2,စျေးသစ်ရပ်ကွက်(ဟားခါး မြို့)
2,ချင်းပြည်နယ်,3,ကျန်ဗားကျေးရွာအုပ်စု
2,ချင်းပြည်နယ်,4,ခွာပီးကျေးရွာအုပ်စု
2,ချင်းပြည်နယ်,5,ဆတ္တားကျေးရွာအုပ်စု
2,ချင်းပြည်နယ်,6,ဆွမ်ဆင် ကျေးရွာအုပ်စု
2,ချင်းပြည်နယ်,7,ဆူရ်ခွားကျေးရွာအုပ်စု
2,ချင်းပြည်နယ်,8,ဒေါင်ဗားကျေးရွာ အုပ်စု
2,ချင်းပြည်နယ်,9,ဒွမ်ဗားကျေးရွာအုပ်စု
2,ချင်းပြည်နယ်,10,ဖိုင်ဖာ(က) ကျေးရွာအုပ်စု
2,ချင်းပြည်နယ်,11,ဘုံသွကျေးရွာအုပ်စု
2,ချင်းပြည်နယ်,12,ဘွန်လုံးကျေးရွာအုပ်စု
2,ချင်းပြည်နယ်,13,လေပီး ကျေးရွာအုပ်စု
2,ချင်းပြည်နယ်,14,လောက်လုံးကျေးရွာအုပ်စု
2,ချင်းပြည်နယ်,15,လုံခင်း ကျေးရွာအုပ်စု
2,ချင်းပြည်နယ်,16,လုံရန်းကျေးရွာအုပ်စု
2,ချင်းပြည်နယ်,17,လုံသာရ် ကျေးရွာအုပ်စု
3,ချင်းပြည်နယ်,0,ထန်တလန်မြို့နယ်တစ်ခုလုံး
4,ချင်းပြည်နယ်,0,ဖလမ်းမြို့နယ်တစ်ခုလုံး
5,ချင်းပြည်နယ်,1,တီးတိန်မြို့နယ်အတွင်းရှိ  စကောလမ်းရပ်ကွက် (တီးတိန် မြို့)
5,ချင်းပြည်နယ်,2,မြို့မရပ်ကွက်(တီးတိန်မြို့)
5,ချင်းပြည်နယ်,3,ကဂင် ကျေးရွာအုပ်စု
5,ချင်းပြည်နယ်,4,ကျိန်းပီးကွတ် ကျေးရွာအုပ်စု
5,ချင်းပြည်နယ်,5,ကွေးလမ်း ကျေးရွာ အုပ်စု
5,ချင်းပြည်နယ်,6,ဂမ်ငိုင်ကျေးရွာအုပ်စု
5,ချင်းပြည်နယ်,7,ဂမ်လိုင်ကျေးရွာအုပ်စု
5,ချင်းပြည်နယ်,8,ဆွောင်းဆန်ကျေးရွာအုပ်စု
5,ချင်းပြည်နယ်,9,ဇိမ်ပီးကျေးရွာအုပ်စု
5,ချင်းပြည်နယ်,10,တက်လွီးကျေးရွာအုပ်စု
5,ချင်းပြည်နယ်,11,တုန်းဇန်ကျေးရွာအုပ်စု
5,ချင်းပြည်နယ်,12,တွာလ်မူး ကျေးရွာအုပ်စု
5,ချင်းပြည်နယ်,13,တွီးထန်ကျေးရွာအုပ်စု
5,ချင်းပြည်နယ်,14,တွီးတော့ကျေးရွာအုပ်စု
5,ချင်းပြည်နယ်,15,တွီးဒိလ်းကျေးရွာအုပ်စု
5,ချင်းပြည်နယ်,16,တွီးပီးကျေးရွာအုပ်စု
5,ချင်းပြည်နယ်,17,ထန်းဇန်ကျေးရွာအုပ်စု
5,ချင်းပြည်နယ်,18,ထာလ်မွလ်ကျေးရွာ အုပ်စု
5,ချင်းပြည်နယ်,19,ဒမ်ပီးကျေးရွာအုပ်စု
5,ချင်းပြည်နယ်,20,ဖိုင်ယားကျေးရွာ အုပ်စု
5,ချင်းပြည်နယ်,21,ဗာလ်ဂွမ်းကျေးရွာအုပ်စု
5,ချင်းပြည်နယ်,22,ဘွန်လီကျေးရွာ အုပ်စု
5,ချင်းပြည်နယ်,23,ဘုမ်ဇန်ကျေးရွာအုပ်စု
5,ချင်းပြည်နယ်,24,ဘုတ်ဖီရ်ကျေးရွာ အုပ်စု
5,ချင်းပြည်နယ်,25,မွီဇောလ်ကျေးရွာအုပ်စု
5,ချင်းပြည်နယ်,26,မွာလ်လုမ်း ကျေးရွာအုပ်စု
5,ချင်းပြည်နယ်,27,လိုင်လိုးကျေးရွာအုပ်စု
5,ချင်းပြည်နယ်,28,လိုင်တွီး ကျေးရွာအုပ်စု
5,ချင်းပြည်နယ်,29,လိုင်လွီးကျေးရွာအုပ်စု
5,ချင်းပြည်နယ်,30,ဝေါင်မွာလ် ကျေးရွာအုပ်စု
5,ချင်းပြည်နယ်,31,ဟောက် ပီးကျေးရွာ အုပ်စု
5,ချင်းပြည်နယ်,32,အန်းလန့်ကျေးရွာအုပ်စု
6,ချင်းပြည်နယ်,1,တီးတိန်မြို့နယ်အတွင်းရှိ  လွယ်ဘွားလ်ရပ်ကွက် (တီးတိန် မြို့)
6,ချင်းပြည်နယ်,2,လေးလုမ်း ရပ်ကွက် (တီးတိန်မြို့)
6,ချင်းပြည်နယ်,3,ကပ်တဲလ် ကျေးရွာအုပ်စု
6,ချင်းပြည်နယ်,4,ခိန်းဇန်ကျေးရွာအုပ်စု
6,ချင်းပြည်နယ်,5,ခေါ်ဆပ်ကျေးရွာ အုပ်စု
6,ချင်းပြည်နယ်,6,ငါလ်ဇန်ကျေးရွာအုပ်စု
6,ချင်းပြည်နယ်,7,ဆဲဇန်ကျေးရွာအုပ်စု
6,ချင်းပြည်နယ်,8,ဆိုင်းဇန်ကျေးရွာအုပ်စု
6,ချင်းပြည်နယ်,9,ဆွောင်းပီးကျေးရွာအုပ်စု
6,ချင်းပြည်နယ်,10,ဆွောင်းဖေကျေးရွာအုပ်စု
6,ချင်းပြည်နယ်,11,ထေးဇန်ကျေးရွာအုပ်စု
6,ချင်းပြည်နယ်,12,ထုတ်လိုင်ကျေးရွာအုပ်စု
6,ချင်းပြည်နယ်,13,ဒိမ်ပီးကျေးရွာအုပ်စု
6,ချင်းပြည်နယ်,14,ဒေါ် လွင် ကျေးရွာအုပ်စု
6,ချင်းပြည်နယ်,15,ပတ်ဇန်ကျေးရွာအုပ်စု
6,ချင်းပြည်နယ်,16,ပင်းပီး ကျေးရွာအုပ်စု
6,ချင်းပြည်နယ်,17,ပန့်ဆပ်ကျေးရွာအုပ်စု
6,ချင်းပြည်နယ်,18,ဖူးနွမ်း ကျေးရွာ အုပ်စု
6,ချင်းပြည်နယ်,19,ဗန်းတဲ့ကျေးရွာအုပ်စု
6,ချင်းပြည်နယ်,20,ဘွင်ကျေးရွာအုပ်စု
6,ချင်းပြည်နယ်,21,ဘွင်မံ ကျေးရွာအုပ်စု
6,ချင်းပြည်နယ်,22,မွာလ်ဘဲကျေးရွာအုပ်စု
6,ချင်းပြည်နယ်,23,လမ်းဇန်ကျေးရွာအုပ်စု
6,ချင်းပြည်နယ်,24,လိမ်ခိုင်ကျေးရွာအုပ်စု
6,ချင်းပြည်နယ်,25,လိုင်ဘုန်ကျေးရွာအုပ်စု
6,ချင်းပြည်နယ်,26,ဟေလေး ကျေးရွာအုပ်စု
6,ချင်းပြည်နယ်,27,ဆွောင်းဇန် ကျေးရွာအုပ်စု
7,ချင်းပြည်နယ်,0,တွန်းဇံမြို့နယ်တစ်ခုလုံး
8,ချင်းပြည်နယ်,0,မင်းတပ်မြို့နယ်တစ်ခုလုံး
9,ချင်းပြည်နယ်,0,ကန်ပက်လက်မြို့နယ်တစ်ခုလုံး
10,ချင်းပြည်နယ်,0,မတူပီမြို့နယ်တစ်ခုလုံး
11,ချင်းပြည်နယ်,1,ပလက်ဝမြို့နယ်အတွင်းရှိ  မြို့မရပ်ကွက်(ပလက်ဝမြို့)
11,ချင်းပြည်နယ်,2,တမန်းသားကျေးရွာအုပ်စု
11,ချင်းပြည်နယ်,3,ရုပ်ဝကျေးရွာအုပ်စု
11,ချင်းပြည်နယ်,4,တွီကင်းဝ ကျေးရွာအုပ်စု
11,ချင်းပြည်နယ်,5,ဘောင်ပီး ကျေးရွာအုပ်စု
11,ချင်းပြည်နယ်,6,ပိန္နဲတပင် ကျေးရွာအုပ်စု
11,ချင်းပြည်နယ်,7,ငရှားကျေးရွာအုပ်စု
11,ချင်းပြည်နယ်,8,ငဒက် ကျေးရွာ အုပ်စု
11,ချင်းပြည်နယ်,9,ကျီးလေကျေးရွာအုပ်စု
11,ချင်းပြည်နယ်,10,ကြွေသောင် ကျေးရွာအုပ်စု
11,ချင်းပြည်နယ်,11,ကွမ်းချောင်းဝကျေးရွာအုပ်စု
11,ချင်းပြည်နယ်,12,ပြင်ငူ ကျေးရွာအုပ်စု
11,ချင်းပြည်နယ်,13,တွီဆီးဝကျေးရွာအုပ်စု
11,ချင်းပြည်နယ်,14,မြောင်းချောင်းကျေးရွာအုပ်စု
11,ချင်းပြည်နယ်,15,ငတိန်းကျေးရွာအုပ်စု
11,ချင်းပြည်နယ်,16,ဒလက်မေ ကျေးရွာအုပ်စု
11,ချင်းပြည်နယ်,17,အောက်ဘလိုင်ကျေးရွာအုပ်စု
11,ချင်းပြည်နယ်,18,တုတ် ကြေးဝကျေးရွာအုပ်စု
11,ချင်းပြည်နယ်,19,ကုန်းတော်ကျေးရွာအုပ်စု
11,ချင်းပြည်နယ်,20,တရွန် အိုင် ကျေးရွာအုပ်စု
11,ချင်းပြည်နယ်,21,ဇဉ်ဘောင်းပြင်ကျေးရွာအုပ်စု
11,ချင်းပြည်နယ်,22,ရှင် မဒိန်ဝကျေးရွာအုပ်စု
11,ချင်းပြည်နယ်,23,သာယာကုန်းကျေးရွာအုပ်စု
11,ချင်းပြည်နယ်,24,ယင်ခံဝကျေးရွာအုပ်စု
11,ချင်းပြည်နယ်,25,မီးဇာကျေးရွာအုပ်စု
11,ချင်းပြည်နယ်,26,စက် ပစ်ပြင်ကျေးရွာ အုပ်စု
11,ချင်းပြည်နယ်,27,အထက် သဲမဝ ကျေးရွာ အုပ်စု
11,ချင်းပြည်နယ်,28,အထက်ဘလိုင်ကျေးရွာအုပ်စု
11,ချင်းပြည်နယ်,29,ကွမ်းတောင် ကျေးရွာ အုပ်စု
11,ချင်းပြည်နယ်,30,ဆတ်ချိုင်ကျေးရွာအုပ်စု
11,ချင်းပြည်နယ်,31,ရှင်းလက်ဝ ကျေးရွာ အုပ်စု
11,ချင်းပြည်နယ်,32,ရွှေလိုက်ဝကျေးရွာအုပ်စု
11,ချင်းပြည်နယ်,33,ဆင်အိုးဝ ကျေးရွာ အုပ်စု
11,ချင်းပြည်နယ်,34,ရှာအိုကျေးရွာအုပ်စု
11,ချင်းပြည်နယ်,35,ပါရာကျေးရွာအုပ်စု
11,ချင်းပြည်နယ်,36,ပတိန်တလန်ကျေးရွာအုပ်စု
11,ချင်းပြည်နယ်,37,ဝါးရုံကျေးရွာအုပ်စု
11,ချင်းပြည်နယ်,38,မအူကျေးရွာအုပ်စု
11,ချင်းပြည်နယ်,39,မြိတ်ဝကျေးရွာအုပ်စု
11,ချင်းပြည်နယ်,40,ပကာဝ ကျေးရွာအုပ်စု
11,ချင်းပြည်နယ်,41,မော်တလာကျေးရွာအုပ်စု
11,ချင်းပြည်နယ်,42,ရွှေလိုင်ပွီ ကျေးရွာအုပ်စု
11,ချင်းပြည်နယ်,43,အုန်းသီးဝ ကျေးရွာအုပ်စု
11,ချင်းပြည်နယ်,44,ဒူရီတောင် ကျေးရွာအုပ်စု
11,ချင်းပြည်နယ်,45,ကုန်ပြင်ကျေးရွာအုပ်စု
12,ချင်းပြည်နယ်,1,ပလက်ဝမြို့နယ်အတွင်းရှိ  ရွာမရပ်ကွက် (ပလက်ဝမြို့)
12,ချင်းပြည်နယ်,2,ရိက္ခာရပ်ကွက်(ပလက်ဝမြို့)
12,ချင်းပြည်နယ်,3,အမှတ်(1)ရပ်ကွက် (ဆမီးမြို့)
12,ချင်းပြည်နယ်,4,အမှတ်(2) ရပ်ကွက်(ဆမီးမြို့)
12,ချင်းပြည်နယ်,5,အမှတ်(3) ရပ်ကွက်(ဆမီးမြို့)
12,ချင်းပြည်နယ်,6,ကင်ဝကျေးရွာအုပ်စု
12,ချင်းပြည်နယ်,7,မွန်ထောင့် ကျေးရွာ အုပ်စု
12,ချင်းပြည်နယ်,8,စိမ့်စင်းဝကျေးရွာအုပ်စု
12,ချင်းပြည်နယ်,9,လယ်လှ ကျေးရွာအုပ်စု
12,ချင်းပြည်နယ်,10,အောက် သဲမဝ ကျေးရွာအုပ်စု
12,ချင်းပြည်နယ်,11,နှမဒါ ကျေးရွာအုပ်စု
12,ချင်းပြည်နယ်,12,အဘောင်သားကျေးရွာအုပ်စု
12,ချင်းပြည်နယ်,13,ကန့်လာဝ ကျေးရွာအုပ်စု
12,ချင်းပြည်နယ်,14,ခဝဲကျေးရွာအုပ်စု
12,ချင်းပြည်နယ်,15,ရပ်ချောင်းဝ ကျေးရွာ အုပ်စု
12,ချင်းပြည်နယ်,16,ဘဲဒုံကျေးရွာအုပ်စု
12,ချင်းပြည်နယ်,17,ဖတ်ချောင်းဝ ကျေးရွာအုပ်စု
12,ချင်းပြည်နယ်,18,ယီးလာဝ ကျေးရွာအုပ်စု
12,ချင်းပြည်နယ်,19,ပါမောင် ကျေးရွာအုပ်စု
12,ချင်းပြည်နယ်,20,ကြက်မအိုင်ကျေးရွာအုပ်စု
12,ချင်းပြည်နယ်,21,လိပ်ချောင်း ဝကျေးရွာ အုပ်စု
12,ချင်းပြည်နယ်,22,တင်းဘုန်းကျေးရွာအုပ်စု
12,ချင်းပြည်နယ်,23,ဝါတိန် ကျေးရွာ အုပ်စု
12,ချင်းပြည်နယ်,24,ဝက်မကျေးရွာအုပ်စု
12,ချင်းပြည်နယ်,25,ဆားဝကျေးရွာအုပ်စု
12,ချင်းပြည်နယ်,26,ဘောင် ကုန်းကျေးရွာအုပ်စု
12,ချင်းပြည်နယ်,27,ကနောင်ကျေးရွာအုပ်စု
12,ချင်းပြည်နယ်,28,ပျဉ်ဝ ကျေးရွာအုပ်စု
12,ချင်းပြည်နယ်,29,စင်ကီတောင်ကျေးရွာအုပ်စု
12,ချင်းပြည်နယ်,30,ကယက် ကျေးရွာအုပ်စု
12,ချင်းပြည်နယ်,31,အာကီကုန်းကျေးရွာအုပ်စု
12,ချင်းပြည်နယ်,32,ဒီလောင် ကုန်းကျေးရွာအုပ်စု
12,ချင်းပြည်နယ်,33,တိုင်ဝကျေးရွာအုပ်စု
12,ချင်းပြည်နယ်,34,မီးချောင်း ဘားဝကျေးရွာ အုပ်စု
12,ချင်းပြည်နယ်,35,တွီဆော့ကုန်း ကျေးရွာအုပ်စု
12,ချင်းပြည်နယ်,36,ဝါဒိုင်ကုန်းကျေးရွာအုပ်စု
12,ချင်းပြည်နယ်,37,လောင်ယော်ကုန်း ကျေးရွာ အုပ်စု
12,ချင်းပြည်နယ်,38,စင်လီကျေးရွာအုပ်စု
12,ချင်းပြည်နယ်,39,သံထောင်ကျေးရွာ အုပ်စု
12,ချင်းပြည်နယ်,40,ကိုဖေရှေကျေးရွာအုပ်စု
12,ချင်းပြည်နယ်,41,အလယ်ဒိန်ကင်း ကျေးရွာအုပ်စု
12,ချင်းပြည်နယ်,42,ခိုက်ခါကျေးရွာအုပ်စု
12,ချင်းပြည်နယ်,43,အပ်စကျေးရွာ အုပ်စု
12,ချင်းပြည်နယ်,44,ထိန်းခေါင်း ကျေးရွာအုပ်စု
12,ချင်းပြည်နယ်,45,ချိုင်းစနူး ကျေးရွာ အုပ်စု
12,ချင်းပြည်နယ်,46,မှုံတနူး ကျေးရွာအုပ်စု
12,ချင်းပြည်နယ်,47,ထိုးနူး ကျေးရွာအုပ်စု
12,ချင်းပြည်နယ်,48,ဂါရာပြင် ကျေးရွာအုပ်စု
12,ချင်းပြည်နယ်,49,ခန်တို ကျေးရွာအုပ်စု
12,ချင်းပြည်နယ်,50,လန်ဒန် ကျေးရွာအုပ်စု
12,ချင်းပြည်နယ်,51,ခွေးခေါင်း ကျေးရွာအုပ်စု
12,ချင်းပြည်နယ်,52,ခါအိမ်ကျေးရွာအုပ်စု
12,ချင်းပြည်နယ်,53,တပ်ချောင်းကျေးရွာအုပ်စု
12,ချင်းပြည်နယ်,54,ဝန်ချောင်းဝ ကျေးရွာအုပ်စု
12,ချင်းပြည်နယ်,55,မောက်ချောင်းဝကျေးရွာ အုပ်စု
12,ချင်းပြည်နယ်,56,ကောက်စဉ် ကျေးရွာ အုပ်စု
12,ချင်းပြည်နယ်,57,မောစုံးကြီး ကျေးရွာအုပ်စု
1,စစ်ကိုင်းတိုင်းဒေသကြီး,0,စစ်ကိုင်းခရိုင်တစ်ခုလုံး
2,စစ်ကိုင်းတိုင်းဒေသကြီး,0,ရွှေဘိုခရိုင်တစ်ခုလုံး
3,စစ်ကိုင်းတိုင်းဒေသကြီး,0,ကန့်ဘလူခရိုင်တစ်ခုလုံး
4,စစ်ကိုင်းတိုင်းဒေသကြီး,0,မုံရွာခရိုင်တစ်ခုလုံး
5,စစ်ကိုင်းတိုင်းဒေသကြီး,0,ယင်းမာပင်ခရိုင်တစ်ခုလုံး
6,စစ်ကိုင်းတိုင်းဒေသကြီး,0,ကသာခရိုင်အတွင်းရှိ ကသာမြို့နယ်
6,စစ်ကိုင်းတိုင်းဒေသကြီး,0,ထီးချိုင့်မြို့နယ်နှင့် အင်းတော်မြို့နယ်
7,စစ်ကိုင်းတိုင်းဒေသကြီး,0,ကသာခရိုင်အတွင်းရှိ ဗန်းမောက်မြို့နယ်
7,စစ်ကိုင်းတိုင်းဒေသကြီး,0,ကောလင်းမြို့နယ်
7,စစ်ကိုင်းတိုင်းဒေသကြီး,0,ဝန်းသိုမြို့နယ်နှင့် ပင်လည်ဘူးမြို့နယ်
8,စစ်ကိုင်းတိုင်းဒေသကြီး,0,ကလေးခရိုင်တစ်ခုလုံး
9,စစ်ကိုင်းတိုင်းဒေသကြီး,0,တမူးခရိုင်တစ်ခုလုံး
10,စစ်ကိုင်းတိုင်းဒေသကြီး,0,မော်လိုက်ခရိုင်တစ်ခုလုံး
11,စစ်ကိုင်းတိုင်းဒေသကြီး,0,ခန္တီးခရိုင်အတွင်းရှိ ခန္တီးမြို့နယ်
11,စစ်ကိုင်းတိုင်းဒေသကြီး,0,ဟုမ္မလင်းမြို့နယ်
12,စစ်ကိုင်းတိုင်းဒေသကြီး,0,နာဂကိုယ်ပိုင်အုပ်ချုပ်ခွင့်ရဒေသ။(လေရှီးမြို့နယ်လဟယ်မြို့နယ်
12,စစ်ကိုင်းတိုင်းဒေသကြီး,0,နန်းယွန်းမြို့နယ်)
1,တနင်္သာရီတိုင်းဒေသကြီး,0,ထားဝယ်မြို့နယ် တစ်ခုလုံး
2,တနင်္သာရီတိုင်းဒေသကြီး,0,လောင်းလုံးမြို့နယ် တစ်ခုလုံး
3,တနင်္သာရီတိုင်းဒေသကြီး,0,သရက်ချောင်းမြို့နယ် တစ်ခုလုံး
4,တနင်္သာရီတိုင်းဒေသကြီး,0,ရေဖြူမြို့နယ် တစ်ခုလုံး
5,တနင်္သာရီတိုင်းဒေသကြီး,1,မြိတ်မြို့နယ်အတွင်းရှိ  စျေးတန်းရပ်ကွက် (မြိတ်မြို့)
5,တနင်္သာရီတိုင်းဒေသကြီး,2,ကန် ခေါင်းရပ်ကွက် (မြိတ်မြို့)
5,တနင်္သာရီတိုင်းဒေသကြီး,3,မြစ်ငယ်ရပ်ကွက် (မြိတ်မြို့)
5,တနင်္သာရီတိုင်းဒေသကြီး,4,ရေပုန်းရပ်ကွက် (မြိတ်မြို့)
5,တနင်္သာရီတိုင်းဒေသကြီး,5,ကန်ဖျားရပ်ကွက် (မြိတ်မြို့)
5,တနင်္သာရီတိုင်းဒေသကြီး,6,အလယ်ကျွန်းရပ်ကွက် (မြိတ်မြို့)
5,တနင်္သာရီတိုင်းဒေသကြီး,7,ကလွင်ကျေးရွာ အုပ်စု
5,တနင်္သာရီတိုင်းဒေသကြီး,8,စန္ဒဝတ်ကျေးရွာ အုပ်စု
5,တနင်္သာရီတိုင်းဒေသကြီး,9,အလယ်ချောင်းကျေးရွာ အုပ်စု
5,တနင်္သာရီတိုင်းဒေသကြီး,10,ပင်းအိုကျေးရွာအုပ်စု
5,တနင်္သာရီတိုင်းဒေသကြီး,11,သဘွတ်ကျေးရွာအုပ်စု
5,တနင်္သာရီတိုင်းဒေသကြီး,12,သမုတ်ကျေးရွာအုပ်စု
5,တနင်္သာရီတိုင်းဒေသကြီး,13,သစ်ယာဝကျေးရွာအုပ်စု
5,တနင်္သာရီတိုင်းဒေသကြီး,14,ပဆွပ်ကျေးရွာအုပ်စု
5,တနင်္သာရီတိုင်းဒေသကြီး,15,ပပြင်ကျေးရွာအုပ်စု
5,တနင်္သာရီတိုင်းဒေသကြီး,16,ကျောက်ဖျာ ကျေးရွာအုပ်စု
6,တနင်္သာရီတိုင်းဒေသကြီး,1,မြိတ်မြို့နယ်အတွင်းရှိ  နောက်လယ်ရပ်ကွက် (မြိတ်မြို့)
6,တနင်္သာရီတိုင်းဒေသကြီး,2,တလိုင်းစုရပ်ကွက် (မြိတ်မြို့)
6,တနင်္သာရီတိုင်းဒေသကြီး,3,ဆိပ်ငယ်ရပ်ကွက် (မြိတ် မြို့)
6,တနင်္သာရီတိုင်းဒေသကြီး,4,ထားဝယ်စုရပ်ကွက် (မြိတ်မြို့)
6,တနင်္သာရီတိုင်းဒေသကြီး,5,ကံကြီးရပ်ကွက် (မြိတ်မြို့)
6,တနင်္သာရီတိုင်းဒေသကြီး,6,မြိတ်တောင်ရပ်ကွက် (မြိတ်မြို့)
6,တနင်္သာရီတိုင်းဒေသကြီး,7,မြိတ်တောင်ကျေးရွာ အုပ်စု
6,တနင်္သာရီတိုင်းဒေသကြီး,8,အင်္ဂမော် ကျေးရွာ အုပ်စု
6,တနင်္သာရီတိုင်းဒေသကြီး,9,ပြင်းငယ် ကျေးရွာ အုပ်စု
6,တနင်္သာရီတိုင်းဒေသကြီး,10,ကဟန်း ကျေးရွာ အုပ်စု
6,တနင်္သာရီတိုင်းဒေသကြီး,11,စလွန်း ကျေးရွာ အုပ်စု
6,တနင်္သာရီတိုင်းဒေသကြီး,12,မင်းသန်း ကျေးရွာ အုပ်စု
6,တနင်္သာရီတိုင်းဒေသကြီး,13,ပသောင်း ကျေးရွာ အုပ်စု
6,တနင်္သာရီတိုင်းဒေသကြီး,14,မဇော ကျေးရွာ အုပ်စု
6,တနင်္သာရီတိုင်းဒေသကြီး,15,တုံးဗျော ကျေးရွာ အုပ်စု
6,တနင်္သာရီတိုင်းဒေသကြီး,16,တောင်းရှည် ကျေးရွာ အုပ်စု
6,တနင်္သာရီတိုင်းဒေသကြီး,17,တညက် (ကုလား)ကျေးရွာအုပ်စု
6,တနင်္သာရီတိုင်းဒေသကြီး,18,တညက်(ကရင်) ကျေးရွာ အုပ်စု
7,တနင်္သာရီတိုင်းဒေသကြီး,1,ကျွန်းစုမြို့နယ်အတွင်းရှိ  အမှတ် (1) ရပ်ကွက် (ကျွန်းစုမြို့)
7,တနင်္သာရီတိုင်းဒေသကြီး,2,အမှတ် (2) ရပ်ကွက် (ကျွန်းစုမြို့)
7,တနင်္သာရီတိုင်းဒေသကြီး,3,အမှတ် (3) ရပ်ကွက် (ကျွန်းစုမြို့)
7,တနင်္သာရီတိုင်းဒေသကြီး,4,အမှတ် (4) ရပ်ကွက် (ကျွန်းစုမြို့)
7,တနင်္သာရီတိုင်းဒေသကြီး,5,ကတ္တ လူ ကျေးရွာ အုပ်စု
7,တနင်္သာရီတိုင်းဒေသကြီး,6,ကပ ကျေးရွာ အုပ်စု
7,တနင်္သာရီတိုင်းဒေသကြီး,7,ရေမြစ်ကြီး ကျေးရွာ အုပ်စု
7,တနင်္သာရီတိုင်းဒေသကြီး,8,ကမ်းကြီးကျေးရွာ အုပ်စု
7,တနင်္သာရီတိုင်းဒေသကြီး,9,ဝါရစ်ကျေးရွာ အုပ်စု
7,တနင်္သာရီတိုင်းဒေသကြီး,10,မင်းဂုတ် ကျေးရွာ အုပ်စု
7,တနင်္သာရီတိုင်းဒေသကြီး,11,မောင်းလှော်ကျေးရွာ အုပ်စု
7,တနင်္သာရီတိုင်းဒေသကြီး,12,ဇေးကမိ ကျေးရွာ အုပ်စု
7,တနင်္သာရီတိုင်းဒေသကြီး,13,ညောင်ဘီးကျေးရွာ အုပ်စု
7,တနင်္သာရီတိုင်းဒေသကြီး,14,ကျွဲခရံ ကျေးရွာ အုပ်စု
7,တနင်္သာရီတိုင်းဒေသကြီး,15,သန္တုတ် ကျေးရွာ အုပ်စု
7,တနင်္သာရီတိုင်းဒေသကြီး,16,တောပြား ကျေးရွာ အုပ်စု
8,တနင်္သာရီတိုင်းဒေသကြီး,1,ကျွန်းစုမြို့နယ်အတွင်းရှိ  ကံမော် ကျေးရွာ အုပ်စု
8,တနင်္သာရီတိုင်းဒေသကြီး,2,စခန်း သစ် ကျေးရွာ အုပ်စု
8,တနင်္သာရီတိုင်းဒေသကြီး,3,ရေကန်တောင် ကျေးရွာ အုပ်စု
8,တနင်္သာရီတိုင်းဒေသကြီး,4,ကဘင် ကျေးရွာ အုပ်စု
8,တနင်္သာရီတိုင်းဒေသကြီး,5,ကော်ဇယာ ကျေးရွာ အုပ်စု
8,တနင်္သာရီတိုင်းဒေသကြီး,6,မဲတော ကျေးရွာ အုပ်စု
8,တနင်္သာရီတိုင်းဒေသကြီး,7,ဘန္ဒနဲ ကျေးရွာ အုပ်စု
8,တနင်္သာရီတိုင်းဒေသကြီး,8,မအိုင် ကျေးရွာ အုပ်စု
9,တနင်္သာရီတိုင်းဒေသကြီး,0,ပုလောမြို့နယ် တစ်ခုလုံး
10,တနင်္သာရီတိုင်းဒေသကြီး,0,တနင်္သာရီမြို့နယ် တစ်ခုလုံး
11,တနင်္သာရီတိုင်းဒေသကြီး,0,ကော့သောင်းမြို့နယ် တစ်ခုလုံး
12,တနင်္သာရီတိုင်းဒေသကြီး,0,ဘုတ်ပြင်းမြို့နယ် တစ်ခုလုံး
1,ပဲခူးတိုင်းဒေသကြီး,0,ပဲခူးမြို့နယ်တစ်ခုလုံး
2,ပဲခူးတိုင်းဒေသကြီး,0,သနပ်ပင်မြို့နယ်
2,ပဲခူးတိုင်းဒေသကြီး,0,ကဝမြို့နယ်
3,ပဲခူးတိုင်းဒေသကြီး,0,ဝေါမြို့နယ်
3,ပဲခူးတိုင်းဒေသကြီး,0,ဒိုက်ဦးမြို့နယ်
3,ပဲခူးတိုင်းဒေသကြီး,0,ရွှေကျင်မြို့နယ်
4,ပဲခူးတိုင်းဒေသကြီး,0,ညောင်လေးပင်မြို့နယ်
4,ပဲခူးတိုင်းဒေသကြီး,0,ကျောက်တံခါးမြို့နယ်
5,ပဲခူးတိုင်းဒေသကြီး,0,တောင်ငူမြို့နယ်
5,ပဲခူးတိုင်းဒေသကြီး,0,ရေတာရှည်မြို့နယ်
6,ပဲခူးတိုင်းဒေသကြီး,0,အုတ်တွင်းမြို့နယ်
6,ပဲခူးတိုင်းဒေသကြီး,0,ထန်းတပင်မြို့နယ်
7,ပဲခူးတိုင်းဒေသကြီး,0,ကျောက်ကြီးမြို့နယ်
7,ပဲခူးတိုင်းဒေသကြီး,0,ဖြူးမြို့နယ်
8,ပဲခူးတိုင်းဒေသကြီး,0,ပြည်မြို့နယ်
8,ပဲခူးတိုင်းဒေသကြီး,0,ပေါက်ခေါင်းမြို့နယ်
8,ပဲခူးတိုင်းဒေသကြီး,0,ပန်းတောင်းမြို့နယ်
9,ပဲခူးတိုင်းဒေသကြီး,0,ပေါင်းတည်မြို့နယ်
9,ပဲခူးတိုင်းဒေသကြီး,0,သဲကုန်းမြို့နယ်
9,ပဲခူးတိုင်းဒေသကြီး,0,ရွှေတောင်မြို့နယ်
10,ပဲခူးတိုင်းဒေသကြီး,0,သာယာဝတီမြို့နယ်
10,ပဲခူးတိုင်းဒေသကြီး,0,လက်ပံတန်းမြို့နယ်
11,ပဲခူးတိုင်းဒေသကြီး,0,မင်းလှမြို့နယ်
11,ပဲခူးတိုင်းဒေသကြီး,0,အုတ်ဖိုမြို့နယ်
11,ပဲခူးတိုင်းဒေသကြီး,0,မိုးညိုမြို့နယ်
12,ပဲခူးတိုင်းဒေသကြီး,0,ဇီးကုန်းမြို့နယ်
12,ပဲခူးတိုင်းဒေသကြီး,0,နတ်တလင်းမြို့နယ်
12,ပဲခူးတိုင်းဒေသကြီး,0,ကြို့ပင်ကောက် မြို့နယ်
1,မကွေးတိုင်းဒေသကြီး,0,မကွေးမြို့နယ်တစ်ခုလုံး
2,မကွေးတိုင်းဒေသကြီး,0,ရေနံချောင်းမြို့နယ်နှင့် ချောက်မြို့နယ်
3,မကွေးတိုင်းဒေသကြီး,0,နတ်မောက်မြို့နယ်
3,မကွေးတိုင်းဒေသကြီး,0,မြို့သစ်မြို့နယ်
4,မကွေးတိုင်းဒေသကြီး,0,တောင်တွင်းကြီးမြို့နယ် တစ်ခုလုံး
5,မကွေးတိုင်းဒေသကြီး,0,မင်းဘူးမြို့နယ်
5,မကွေးတိုင်းဒေသကြီး,0,ပွင့်ဖြူမြို့နယ်
6,မကွေးတိုင်းဒေသကြီး,0,စလင်းမြို့နယ်
6,မကွေးတိုင်းဒေသကြီး,0,စေတုတ္တရာမြို့နယ်
6,မကွေးတိုင်းဒေသကြီး,0,ငဖဲမြို့နယ်
7,မကွေးတိုင်းဒေသကြီး,0,သရက်မြို့နယ်
7,မကွေးတိုင်းဒေသကြီး,0,ကံမမြို့နယ်
7,မကွေးတိုင်းဒေသကြီး,0,မင်းတုန်းမြို့နယ်
7,မကွေးတိုင်းဒေသကြီး,0, မင်းလှ မြို့နယ်
8,မကွေးတိုင်းဒေသကြီး,0,အောင်လံမြို့နယ်
8,မကွေးတိုင်းဒေသကြီး,0,ဆင်ပေါင်ဝဲမြို့နယ်
9,မကွေးတိုင်းဒေသကြီး,0,ပခုက္ကူမြို့နယ်
9,မကွေးတိုင်းဒေသကြီး,0,ဆိပ်ဖြူမြို့နယ်
10,မကွေးတိုင်းဒေသကြီး,0,ရေစကြိုမြို့နယ် တစ်ခုလုံး
11,မကွေးတိုင်းဒေသကြီး,0,မြိုင်မြို့နယ်
11,မကွေးတိုင်းဒေသကြီး,0,ပေါက်မြို့နယ်
12,မကွေးတိုင်းဒေသကြီး,0,ဂန့်ဂေါခရိုင်တစ်ခုလုံး
1,မန္တလေးတိုင်းဒေသကြီး,0,အောင်မြေသာစံမြို့နယ်
1,မန္တလေးတိုင်းဒေသကြီး,0,ချမ်းအေးသာစံမြို့နယ်
1,မန္တလေးတိုင်းဒေသကြီး,0,ပုသိမ်ကြီး မြို့နယ်
2,မန္တလေးတိုင်းဒေသကြီး,0,ချမ်းမြသာစည်မြို့နယ်
2,မန္တလေးတိုင်းဒေသကြီး,0,ပြည်ကြီးတံခွန်မြို့နယ်
2,မန္တလေးတိုင်းဒေသကြီး,0,မဟာအောင်မြေ မြို့နယ်
2,မန္တလေးတိုင်းဒေသကြီး,0,အမရပူရမြို့နယ်
3,မန္တလေးတိုင်းဒေသကြီး,0,ပြင်ဦးလွင်ခရိုင်တစ်ခုလုံး
4,မန္တလေးတိုင်းဒေသကြီး,0,ကျောက်ဆည်ခရိုင်တစ်ခုလုံး
5,မန္တလေးတိုင်းဒေသကြီး,0,မြင်းခြံမြို့နယ်
5,မန္တလေးတိုင်းဒေသကြီး,0,ငါန်းဇွန်မြို့နယ်
6,မန္တလေးတိုင်းဒေသကြီး,0,နွားထိုးကြီးမြို့နယ်
6,မန္တလေးတိုင်းဒေသကြီး,0,တောင်သာမြို့နယ်
7,မန္တလေးတိုင်းဒေသကြီး,0,ညောင်ဦးခရိုင်တစ်ခုလုံး
8,မန္တလေးတိုင်းဒေသကြီး,0,ရမည်းသင်းခရိုင်တစ်ခုလုံး
9,မန္တလေးတိုင်းဒေသကြီး,0,ဥတ္တရ(မြောက်ပိုင်း)ခရိုင်တစ်ခုလုံး
10,မန္တလေးတိုင်းဒေသကြီး,0,ဒက္ခိဏ(တောင်ပိုင်း)ခရိုင်တစ်ခုလုံး
11,မန္တလေးတိုင်းဒေသကြီး,0,မိတ္ထီလာမြို့နယ်
11,မန္တလေးတိုင်းဒေသကြီး,0,မလှိုင်မြို့နယ်
12,မန္တလေးတိုင်းဒေသကြီး,0,သာစည်မြို့နယ်
12,မန္တလေးတိုင်းဒေသကြီး,0,ဝမ်းတွင်းမြို့နယ်
1,မွန်ပြည်နယ်,1,မော်လမြိုင်မြို့နယ် အတွင်းရှိ  ပန်းဘဲတန်းရပ်ကွက် (မော်လမြိုင်မြို့)
1,မွန်ပြည်နယ်,2,မရမ်းကုန်း ရပ်ကွက် (မော်လမြိုင်မြို့)
1,မွန်ပြည်နယ်,3,စစ်ကဲကုန်း ရပ်ကွက် (မော်လမြိုင်မြို့)
1,မွန်ပြည်နယ်,4,ရွှေတောင် ရပ်ကွက်(မော်လမြိုင်မြို့)
1,မွန်ပြည်နယ်,5,ဖက်တန်းရပ်ကွက် (မော်လမြိုင် မြို့)
1,မွန်ပြည်နယ်,6,မန္တလေး ရပ်ကွက် (မော်လမြိုင်မြို့)
1,မွန်ပြည်နယ်,7,အောက်ကျင်း ရပ်ကွက် (မော်လမြိုင်မြို့)
1,မွန်ပြည်နယ်,8,ကျိုက်ဖနဲရပ်ကွက် (မော်လမြိုင် မြို့)
1,မွန်ပြည်နယ်,9,လှိုင်ရှမ်းစုရပ်ကွက်(မော်လမြိုင်မြို့)
1,မွန်ပြည်နယ်,10,သာယာအေး ရပ်ကွက် (မော်လမြိုင်မြို့)
1,မွန်ပြည်နယ်,11,ဇေယျာသီရိ ရပ်ကွက် (မော်လမြိုင်မြို့)
1,မွန်ပြည်နယ်,12,ရွှေမြိုင်သီရီ ရပ်ကွက် (မော်လမြိုင်မြို့)
1,မွန်ပြည်နယ်,13,ဘိုကုန်း ရပ်ကွက် (မော်လမြိုင်မြို့)
1,မွန်ပြည်နယ်,14,ကော့စိန်ကျေးရွာ အုပ်စု
1,မွန်ပြည်နယ်,15,ကော့ပေါက်ကျေးရွာ အုပ်စု
1,မွန်ပြည်နယ်,16,ကော့တွန်ကျေးရွာ အုပ်စု
1,မွန်ပြည်နယ်,17,ကော့လှာကျေးရွာ အုပ်စု
1,မွန်ပြည်နယ်,18,ကတိုးကျေးရွာ အုပ်စု
1,မွန်ပြည်နယ်,19,ကော့နှပ်ကျေးရွာ အုပ်စု
2,မွန်ပြည်နယ်,1,မော်လမြိုင်မြို့နယ်အတွင်းရှိ  မောင်ငံရပ်ကွက် (မော်လမြိုင် မြို့)
2,မွန်ပြည်နယ်,2,ကွင်းရပ်ရပ်ကွက် (မော်လမြိုင်မြို့)
2,မွန်ပြည်နယ်,3,သီရိမြိုင်ရပ်ကွက် (မော်လမြိုင်မြို့)
2,မွန်ပြည်နယ်,4,သီရိမင်္ဂလာရပ်ကွက် (မော်လမြိုင်မြို့)
2,မွန်ပြည်နယ်,5,မုပွန်ရပ်ကွက် (မော်လမြိုင်မြို့)
2,မွန်ပြည်နယ်,6,စျေးကြိုရပ်ကွက် (မော်လမြိုင်မြို့)
2,မွန်ပြည်နယ်,7,မြိုင်သာယာ ရပ်ကွက် (မော်လမြိုင်မြို့)
2,မွန်ပြည်နယ်,8,မြေနီကုန်း ရပ်ကွက် (မော်လမြိုင်မြို့)
2,မွန်ပြည်နယ်,9,ဇေယျာမြိုင် ရပ်ကွက်(မော်လမြိုင်မြို့)
2,မွန်ပြည်နယ်,10,ငန်းတေးရပ်ကွက် (မော်လမြိုင် မြို့)
2,မွန်ပြည်နယ်,11,ခြောက်မိုင်ကျွဲခြံကုန်းရပ်ကွက် (မော်လမြိုင်မြို့)
2,မွန်ပြည်နယ်,12,ကျောက်တန်းရပ်ကွက်(မော်လမြိုင်မြို့)
2,မွန်ပြည်နယ်,13,စမ်းကြီးရပ်ကွက် (မော်လမြိုင်မြို့)
2,မွန်ပြည်နယ်,14,ဂွေးကုန်းရပ်ကွက် (မော်လမြိုင်မြို့)
2,မွန်ပြည်နယ်,15,နောင်ခရီရပ်ကွက်(မော်လမြိုင်မြို့)
2,မွန်ပြည်နယ်,16,မင်းရွာကျေးရွာ အုပ်စု
2,မွန်ပြည်နယ်,17,မုရောင်းကျေးရွာအုပ်စု
2,မွန်ပြည်နယ်,18,ကော့ခနိကျေးရွာအုပ်စု
2,မွန်ပြည်နယ်,19,ကြာအင်း ကျေးရွာအုပ်စု
2,မွန်ပြည်နယ်,20,ကော့ခမယ်ကျေးရွာအုပ်စု
2,မွန်ပြည်နယ်,21,ဖားအောက် ကျေးရွာ အုပ်စု
2,မွန်ပြည်နယ်,22,ရိုးဂိုးကျေးရွာ အုပ်စု
3,မွန်ပြည်နယ်,0,ကျိုက်မရောမြို့နယ်တစ်ခုလုံး
4,မွန်ပြည်နယ်,0,ချောင်းဆုံမြို့နယ်တစ်ခုလုံး
5,မွန်ပြည်နယ်,0,သံဖြူဇရပ်မြို့နယ်တစ်ခုလုံး
6,မွန်ပြည်နယ်,0,မုဒုံမြို့နယ်တစ်ခုလုံး
7,မွန်ပြည်နယ်,1,ရေးမြို့နယ်အတွင်းရှိ  သီရိနန္ဒာရပ်ကွက်(ရေးမြို့)
7,မွန်ပြည်နယ်,2,သီရိ မာလာရပ်ကွက်(ရေးမြို့)
7,မွန်ပြည်နယ်,3,သီရိဇေယျာရပ်ကွက် (ရေးမြို့)
7,မွန်ပြည်နယ်,4,သီရိခေမာ ရပ်ကွက် (ရေးမြို့)
7,မွန်ပြည်နယ်,5,အမှတ်(1) ရပ်ကွက် (လမိုင်းမြို့)
7,မွန်ပြည်နယ်,6,အမှတ်(2)ရပ်ကွက်(လမိုင်းမြို့)
7,မွန်ပြည်နယ်,7,အမှတ်(3) ရပ်ကွက် (လမိုင်းမြို့)
7,မွန်ပြည်နယ်,8,အာယုတောင်ကျေးရွာ အုပ်စု
7,မွန်ပြည်နယ်,9,သင်္ဃန်းကျွန်းကျေးရွာအုပ်စု
7,မွန်ပြည်နယ်,10,မော့ကနင်ကျေးရွာအုပ်စု
7,မွန်ပြည်နယ်,11,ကော့ဒွတ်ကျေးရွာ အုပ်စု
7,မွန်ပြည်နယ်,12,ကုလားကုတ် ကျေးရွာ အုပ်စု
7,မွန်ပြည်နယ်,13,နှစ်ကရင်ကျေးရွာအုပ်စု
7,မွန်ပြည်နယ်,14,သောင်ပြင် ကျေးရွာ အုပ်စု
7,မွန်ပြည်နယ်,15,တောင်ဘုံကျေးရွာအုပ်စု
7,မွန်ပြည်နယ်,16,ဘေးလမိုင်း ကျေးရွာအုပ်စု
7,မွန်ပြည်နယ်,17,ဘဲလမုကျေးရွာအုပ်စု
7,မွန်ပြည်နယ်,18,ကနင်ကမော့ကျေးရွာ အုပ်စု
7,မွန်ပြည်နယ်,19,ဒုံဖီ ကျေးရွာ အုပ်စု
7,မွန်ပြည်နယ်,20,နှင်းစုံ  ကျေးရွာ အုပ်စု
7,မွန်ပြည်နယ်,21,တူးမြောင်းကျေးရွာအုပ်စု
7,မွန်ပြည်နယ်,22,အံဒင်ကျေးရွာအုပ်စု
8,မွန်ပြည်နယ်,1,ရေးမြို့နယ်အတွင်းရှိ  ရန်ကြီးအောင် ရပ်ကွက် (ရေးမြို့)
8,မွန်ပြည်နယ်,2,ရန်မျိုးအောင်ရပ်ကွက် (ရေးမြို့)
8,မွန်ပြည်နယ်,3,အောင်သုခရပ်ကွက် (ရေးမြို့)
8,မွန်ပြည်နယ်,4,အောင်မင်္ဂလာရပ်ကွက်(ရေးမြို့)
8,မွန်ပြည်နယ်,5,အောင် မေတ္တာ ရပ်ကွက် (ရေးမြို့)
8,မွန်ပြည်နယ်,6,အမှတ်(1) ရပ်ကွက် (ခေါဇာမြို)
8,မွန်ပြည်နယ်,7,အမှတ်(2) ရပ်ကွက် (ခေါဇာမြို့)
8,မွန်ပြည်နယ်,8,အဘော်ကျေးရွာ အုပ်စု
8,မွန်ပြည်နယ်,9,ဒူးယားကျေးရွာ အုပ်စု
8,မွန်ပြည်နယ်,10,အစင်ကျေးရွာ အုပ်စု
8,မွန်ပြည်နယ်,11,ဇီးဖြူသောင်ကျေးရွာ အုပ်စု
8,မွန်ပြည်နယ်,12,ချောင်းတောင်ကျေးရွာ အုပ်စု
8,မွန်ပြည်နယ်,13,ကျောက်မိကျောင်းကျေးရွာအုပ်စု
8,မွန်ပြည်နယ်,14,ကျောင်းရွာ ကျေးရွာ အုပ်စု
8,မွန်ပြည်နယ်,15,ကလော့ကျေးရွာ အုပ်စု
8,မွန်ပြည်နယ်,16,ဟံဂံ ကျေးရွာ အုပ်စု
8,မွန်ပြည်နယ်,17,ရင်းရယ်ကျေးရွာ အုပ်စု
8,မွန်ပြည်နယ်,18,ကဗျာ ကျေးရွာ အုပ်စု
8,မွန်ပြည်နယ်,19,ကျုံညဲကျေးရွာ အုပ်စု
8,မွန်ပြည်နယ်,20,မကျီးကျေးရွာ အုပ်စု
8,မွန်ပြည်နယ်,21,ကော့လှိုင်ကျေးရွာအုပ်စု
8,မွန်ပြည်နယ်,22,ကိုးမိုင်ကျေးရွာ အုပ်စု
9,မွန်ပြည်နယ်,0,သထုံမြို့နယ်တစ်ခုလုံး
10,မွန်ပြည်နယ်,0,ပေါင်မြို့နယ်တစ်ခုလုံး
11,မွန်ပြည်နယ်,0,ကျိုက်ထိုမြို့နယ်တစ်ခုလုံး
12,မွန်ပြည်နယ်,0,ဘီးလင်းမြို့နယ်တစ်ခုလုံး
1,ရခိုင်ပြည်နယ်,0,စစ်တွေမြို့နယ်တစ်ခုလုံး
2,ရခိုင်ပြည်နယ်,0,ပေါက်တောမြို့နယ်တစ်ခုလုံး
3,ရခိုင်ပြည်နယ်,0,ရသေ့တောင်
3,ရခိုင်ပြည်နယ်,0,ပုဏ္ဏားကျွန်းမြို့နယ်
4,ရခိုင်ပြည်နယ်,0,မြောက်ဦးမြို့နယ်တစ်ခုလုံး
5,ရခိုင်ပြည်နယ်,0,ကျောက်တော်မြို့နယ်တစ်ခုလုံး
6,ရခိုင်ပြည်နယ်,0,မင်းပြားမြို့နယ်နှင့် မြေပုံမြို့နယ်
7,ရခိုင်ပြည်နယ်,1,မောင်တောမြို့နယ်အတွင်းရှိ  အမှတ်(1)ရပ်ကွက် (တောင်ပြို လက်ဝဲမြို့)
7,ရခိုင်ပြည်နယ်,2,အမှတ်(2) ရပ်ကွက် (တောင်ပြို လက်ဝဲမြို့)
7,ရခိုင်ပြည်နယ်,3,အမှတ်(3) ရပ်ကွက်(တောင်ပြိုလက်ဝဲမြို့)
7,ရခိုင်ပြည်နယ်,4,အမှတ်(4) ရပ် ကွက်(တောင်ပြိုလက်ဝဲမြို့)
7,ရခိုင်ပြည်နယ်,5,အမှတ်(5) ရပ်ကွက် (တောင်ပြိုလက်ဝဲမြို့)
7,ရခိုင်ပြည်နယ်,6,အင်တူလာကျေးရွာအုပ်စု
7,ရခိုင်ပြည်နယ်,7,တပ် ချောင်း ကျေးရွာအုပ်စု
7,ရခိုင်ပြည်နယ်,8,ကာလာဒေးဖက်ကျေးရွာအုပ်စု
7,ရခိုင်ပြည်နယ်,9,ရဲအောင်စံရဖွေကျေးရွာအုပ်စု
7,ရခိုင်ပြည်နယ်,10,ကြောင်နဖေ ကျေးရွာ အုပ်စု
7,ရခိုင်ပြည်နယ်,11,အောင်ဇံကျေးရွာအုပ်စု
7,ရခိုင်ပြည်နယ်,12,လှိုင်သီကျေးရွာအုပ်စု
7,ရခိုင်ပြည်နယ်,13,ခမောင်းဆိပ် ကျေးရွာအုပ်စု
7,ရခိုင်ပြည်နယ်,14,ငါးရန့်ချောင်း ကျေးရွာ အုပ်စု
7,ရခိုင်ပြည်နယ်,15,သစ်တုံး နားခွဆုံ ကျေးရွာအုပ်စု
7,ရခိုင်ပြည်နယ်,16,နန်းရာကိုင်း ကျေးရွာအုပ်စု
7,ရခိုင်ပြည်နယ်,17,တမန်းသားကျေးရွာအုပ်စု
7,ရခိုင်ပြည်နယ်,18,သက်ကိုင် ညာ ကျေးရွာ အုပ်စု
7,ရခိုင်ပြည်နယ်,19,ရေနောက်ငါးသား ကျေးရွာအုပ်စု
7,ရခိုင်ပြည်နယ်,20,မြောချောင်းကျေးရွာအုပ်စု
7,ရခိုင်ပြည်နယ်,21,မြိုမိချောင်း ကျေးရွာ အုပ်စု
7,ရခိုင်ပြည်နယ်,22,စံကားပင်ရင်းကျေးရွာအုပ်စု
7,ရခိုင်ပြည်နယ်,23,မင်းကြီး (တူလာတူလီ) ကျေးရွာအုပ်စု
7,ရခိုင်ပြည်နယ်,24,နတ်ချောင်းကျေးရွာအုပ်စု
7,ရခိုင်ပြည်နယ်,25,ကြိမ်ချောင်းကျေးရွာအုပ်စု
7,ရခိုင်ပြည်နယ်,26,ပဒကားရွာသစ် ကျေးရွာ အုပ်စု
7,ရခိုင်ပြည်နယ်,27,ဝက်ကျိန်းကျေးရွာအုပ်စု
7,ရခိုင်ပြည်နယ်,28,ဒုံးပိုက် (အောင် ဆိပ်ပြင်) ကျေးရွာအုပ်စု
7,ရခိုင်ပြည်နယ်,29,စံပယ်ကုံး ကျေးရွာအုပ်စု
7,ရခိုင်ပြည်နယ်,30,လောင်းဒုံ ကျေးရွာအုပ်စု
7,ရခိုင်ပြည်နယ်,31,ငါးစာကြူး ကျေးရွာအုပ်စု
7,ရခိုင်ပြည်နယ်,32,ကြက်ရိုးပြင်ကျေးရွာအုပ်စု
7,ရခိုင်ပြည်နယ်,33,ဒိုးတန်း ကျေးရွာအုပ်စု
7,ရခိုင်ပြည်နယ်,34,အထက်ပြူးမကျေးရွာအုပ်စု
7,ရခိုင်ပြည်နယ်,35,ပြူးမကညင်တန်း ကျေးရွာအုပ်စု
7,ရခိုင်ပြည်နယ်,36,ကပ္ပကောင်းကျေးရွာအုပ်စု
7,ရခိုင်ပြည်နယ်,37,မြို့သစ် ကျေးရွာအုပ်စု
7,ရခိုင်ပြည်နယ်,38,ရေမျက်တောင် ကျေးရွာအုပ်စု
7,ရခိုင်ပြည်နယ်,39,ငါးခူရ ကျေးရွာအုပ်စု
7,ရခိုင်ပြည်နယ်,40,ခြံပြင် ကျေးရွာ အုပ်စု
7,ရခိုင်ပြည်နယ်,41,ရေတွင်းကျွန်း ကျေးရွာအုပ်စု
7,ရခိုင်ပြည်နယ်,42,ရွက်ညိုတောင်ကျေးရွာအုပ်စု
7,ရခိုင်ပြည်နယ်,43,ဦးရှည် ကျကျေးရွာအုပ်စု
7,ရခိုင်ပြည်နယ်,44,ပွင့်ဖြူချောင်း ကျေးရွာအုပ်စု
7,ရခိုင်ပြည်နယ်,45,ကျားခေါင်းတောင်ကျေးရွာအုပ်စု
7,ရခိုင်ပြည်နယ်,46,ရေခပ်ချောင်းခွဆုံ ကျေးရွာအုပ်စု
7,ရခိုင်ပြည်နယ်,47,ဒါးကြီးဇားကျေးရွာအုပ်စု
7,ရခိုင်ပြည်နယ်,48,ငန်းချောင်း ကျေးရွာအုပ်စု
7,ရခိုင်ပြည်နယ်,49,မြောတောင်ကျေးရွာအုပ်စု
7,ရခိုင်ပြည်နယ်,50,ဖားဝတ် ချောင်း (ရွာသစ်) ကျေးရွာအုပ်စု
7,ရခိုင်ပြည်နယ်,51,သရက်အုပ် ကျေးရွာ အုပ်စု
7,ရခိုင်ပြည်နယ်,52,မောင်နှမ ကျေးရွာအုပ်စု
7,ရခိုင်ပြည်နယ်,53,ကျောက်ပြင်ဆိပ် ကျေးရွာအုပ်စု
7,ရခိုင်ပြည်နယ်,54,သူဦးလာကျေးရွာအုပ်စု
7,ရခိုင်ပြည်နယ်,55,ကျီးကန်းပြင် ကျေးရွာအုပ်စု
7,ရခိုင်ပြည်နယ်,56,လှပိုးခေါင်ကျေးရွာအုပ်စု
7,ရခိုင်ပြည်နယ်,57,ကျောက် လှေကားကျေးရွာအုပ်စု
7,ရခိုင်ပြည်နယ်,58,သက်ကေ ပြင်ကျေးရွာအုပ်စု
7,ရခိုင်ပြည်နယ်,59,မီးတိုက်ကျေးရွာအုပ်စု
7,ရခိုင်ပြည်နယ်,60,တောင်ပြိုလက်ျာ ကျေးရွာ အုပ်စု
7,ရခိုင်ပြည်နယ်,61,ကွမ်းသီးပင် ကျေးရွာအုပ်စု
7,ရခိုင်ပြည်နယ်,62,သဲချောင်း ကျေးရွာအုပ်စု
7,ရခိုင်ပြည်နယ်,63,လိပ်ရကျေးရွာ အုပ်စု
7,ရခိုင်ပြည်နယ်,64,ကျောက်ချောင်း ကျေးရွာအုပ်စု
7,ရခိုင်ပြည်နယ်,65,ဇီးပင်ချောင်းကျေးရွာအုပ်စု
7,ရခိုင်ပြည်နယ်,66,ကျွန်းပေါက် ပြုစု ကျေးရွာ အုပ်စု
7,ရခိုင်ပြည်နယ်,67,ကျွန်ပေါက် ဆင်အိုး ကျေးရွာအုပ်စု
7,ရခိုင်ပြည်နယ်,68,ရေတွင်းပြင် ကျေးရွာ အုပ်စု
8,ရခိုင်ပြည်နယ်,1,မောင်တောမြို့နယ်အတွင်းရှိ  မြို့မအနောက်ရပ်ကွက် (မောင် တောမြို့)
8,ရခိုင်ပြည်နယ်,2,မြို့မတောင်ရပ်ကွက် (မောင်တောမြို့)
8,ရခိုင်ပြည်နယ်,3,မြို့မ မြောက်ရပ်ကွက်(မောင်တောမြို့)
8,ရခိုင်ပြည်နယ်,4,မြို့မအရှေ့ရပ်ကွက် (မောင် တောမြို့)
8,ရခိုင်ပြည်နယ်,5,ရွာသစ်ကေရပ်ကွက် (မောင်တောမြို့)
8,ရခိုင်ပြည်နယ်,6,4-မိုင် ရပ်ကွက် (မောင်တောမြို့)
8,ရခိုင်ပြည်နယ်,7,ရွှေဇားကပ္ပကောင်း ကျေးရွာ အုပ်စု
8,ရခိုင်ပြည်နယ်,8,နွားရုံတောင်ကျေးရွာအုပ်စု
8,ရခိုင်ပြည်နယ်,9,ကညင်တော ကျေးရွာ အုပ်စု
8,ရခိုင်ပြည်နယ်,10,ပေါင်းဇားကျေးရွာအုပ်စု
8,ရခိုင်ပြည်နယ်,11,သီဟိုဠ်ကျွန်း ကျေးရွာ အုပ်စု
8,ရခိုင်ပြည်နယ်,12,မြို့ဦးကျေးရွာအုပ်စု
8,ရခိုင်ပြည်နယ်,13,ကညင်တန်း ကျေးရွာအုပ်စု
8,ရခိုင်ပြည်နယ်,14,မြို့သူကြီးကျေးရွာအုပ်စု
8,ရခိုင်ပြည်နယ်,15,ညောင် ချောင်း ကျေးရွာအုပ်စု
8,ရခိုင်ပြည်နယ်,16,ပန်းတောပြင် ကျေးရွာအုပ်စု
8,ရခိုင်ပြည်နယ်,17,ကျောင်းတောင်ကျေးရွာအုပ်စု
8,ရခိုင်ပြည်နယ်,18,ပဒင်း ကျေးရွာအုပ်စု
8,ရခိုင်ပြည်နယ်,19,(ဒု) ညောင်ပင်ကြီး ကျေးရွာအုပ်စု
8,ရခိုင်ပြည်နယ်,20,(ဒု)ချီးရားတန်း ကျေးရွာ အုပ်စု
8,ရခိုင်ပြည်နယ်,21,ရွာသစ်ကေ (ဂေါ်ဒူသာရ)ကျေးရွာအုပ်စု
8,ရခိုင်ပြည်နယ်,22,(ပ)ညောင်ပင်ကြီး ကျေးရွာအုပ်စု
8,ရခိုင်ပြည်နယ်,23,ဦးဒေါင်း ကျေးရွာအုပ်စု
8,ရခိုင်ပြည်နယ်,24,ကံဖူး ကျေးရွာအုပ်စု
8,ရခိုင်ပြည်နယ်,25,အလယ်သံကျော် ကျေးရွာအုပ်စု
8,ရခိုင်ပြည်နယ်,26,သံဒါကျေးရွာအုပ်စု
8,ရခိုင်ပြည်နယ်,27,ဝါးချကျေးရွာ အုပ်စု
8,ရခိုင်ပြည်နယ်,28,တပ်ဦးချောင်း ကျေးရွာ အုပ်စု
8,ရခိုင်ပြည်နယ်,29,ဇော်မတက် ကျေးရွာအုပ်စု
8,ရခိုင်ပြည်နယ်,30,ကညင်တန်း ကျေးရွာအုပ်စု
8,ရခိုင်ပြည်နယ်,31,သရေ ကုန်တန်း ကျေးရွာ အုပ်စု
8,ရခိုင်ပြည်နယ်,32,ချိန်ခါလီကျေးရွာအုပ်စု
8,ရခိုင်ပြည်နယ်,33,သပြေတော ကျေးရွာ အုပ်စု
8,ရခိုင်ပြည်နယ်,34,မြင်းလွှတ်ကျေးရွာအုပ်စု
8,ရခိုင်ပြည်နယ်,35,ကျောက်ပန္ဒူကျေးရွာအုပ်စု
8,ရခိုင်ပြည်နယ်,36,သင်္ဘောကွဲ ကျေးရွာ အုပ်စု
8,ရခိုင်ပြည်နယ်,37,အင်းဒင်ကျေးရွာအုပ်စု
8,ရခိုင်ပြည်နယ်,38,သဝင်ချောင်း ကျေးရွာအုပ်စု
8,ရခိုင်ပြည်နယ်,39,အောင်ဇေယျ (ငြိမ်းချမ်းရေး) ကျေးရွာ အုပ်စု
8,ရခိုင်ပြည်နယ်,40,ဇင်ပိုင်ညာကျေးရွာအုပ်စု
8,ရခိုင်ပြည်နယ်,41,မင်္ဂလာကြီး(ပြင်ဖြူ) ကျေးရွာအုပ်စု
9,ရခိုင်ပြည်နယ်,0,ဘူးသီးတောင်မြို့နယ်တစ်ခုလုံး
10,ရခိုင်ပြည်နယ်,0,ကျောက်ဖြူမြို့နယ်
10,ရခိုင်ပြည်နယ်,0,မာန်အောင်မြို့နယ်
11,ရခိုင်ပြည်နယ်,0,ရမ်းဗြဲမြို့နယ်
11,ရခိုင်ပြည်နယ်,0,အမ်းမြို့နယ်
12,ရခိုင်ပြည်နယ်,0,သံတွဲခရိုင်တစ်ခုလုံး
1,ရန်ကုန်တိုင်းဒေသကြီး,0,ဒဂုံမြို့သစ်(မြောက်ပိုင်း)မြို့နယ်
1,ရန်ကုန်တိုင်းဒေသကြီး,0,ဒဂုံမြို့သစ်(အရှေ့ပိုင်း) မြို့နယ်
1,ရန်ကုန်တိုင်းဒေသကြီး,0,မြောက်ဥက္ကလာပမြို့နယ်
2,ရန်ကုန်တိုင်းဒေသကြီး,0,ဒဂုံမြို့သစ်(တောင်ပိုင်း)မြို့နယ်
2,ရန်ကုန်တိုင်းဒေသကြီး,0,ဒဂုံမြို့သစ် (ဆိပ်ကမ်း) မြို့နယ်
3,ရန်ကုန်တိုင်းဒေသကြီး,0,တောင်ဥက္ကလာပမြို့နယ်
3,ရန်ကုန်တိုင်းဒေသကြီး,0,ရန်ကင်းမြို့နယ်
3,ရန်ကုန်တိုင်းဒေသကြီး,0,တာမွေမြို့နယ်
3,ရန်ကုန်တိုင်းဒေသကြီး,0,သင်္ဃန်းကျွန်းမြို့နယ်
4,ရန်ကုန်တိုင်းဒေသကြီး,0,မင်္ဂလာတောင်ညွန့်မြို့နယ်
4,ရန်ကုန်တိုင်းဒေသကြီး,0,သာကေတမြို့နယ်
4,ရန်ကုန်တိုင်းဒေသကြီး,0,ဒေါပုံမြို့နယ်
4,ရန်ကုန်တိုင်းဒေသကြီး,0,ပုဇွန်တောင်မြို့နယ်နှင့် ဗိုလ်တထောင်မြို့နယ်
5,ရန်ကုန်တိုင်းဒေသကြီး,0,မရမ်းကုန်းမြို့နယ်
5,ရန်ကုန်တိုင်းဒေသကြီး,0,ဗဟန်းမြို့နယ်
5,ရန်ကုန်တိုင်းဒေသကြီး,0,ဒဂုံမြို့နယ်
5,ရန်ကုန်တိုင်းဒေသကြီး,0,စမ်းချောင်း မြို့နယ်
5,ရန်ကုန်တိုင်းဒေသကြီး,0,ပန်းဘဲတန်းမြို့နယ်
5,ရန်ကုန်တိုင်းဒေသကြီး,0,ကျောက်တံတားမြို့နယ်
6,ရန်ကုန်တိုင်းဒေသကြီး,0,ကမာရွတ်မြို့နယ်
6,ရန်ကုန်တိုင်းဒေသကြီး,0,လှိုင်မြို့နယ်
6,ရန်ကုန်တိုင်းဒေသကြီး,0,ကြည့်မြင်တိုင်မြို့နယ်
6,ရန်ကုန်တိုင်းဒေသကြီး,0,လသာမြို့နယ်
6,ရန်ကုန်တိုင်းဒေသကြီး,0,လမ်းမတော်မြို့နယ်
6,ရန်ကုန်တိုင်းဒေသကြီး,0,အလုံမြို့နယ်
6,ရန်ကုန်တိုင်းဒေသကြီး,0, ဆိပ်ကမ်းမြို့နယ်
7,ရန်ကုန်တိုင်းဒေသကြီး,0,သန်လျင်မြို့နယ်
7,ရန်ကုန်တိုင်းဒေသကြီး,0,ကျောက်တန်းမြို့နယ်
7,ရန်ကုန်တိုင်းဒေသကြီး,0,ခရမ်းမြို့နယ်
7,ရန်ကုန်တိုင်းဒေသကြီး,0, သုံးခွ မြို့နယ်
8,ရန်ကုန်တိုင်းဒေသကြီး,0,တွံတေးမြို့နယ်
8,ရန်ကုန်တိုင်းဒေသကြီး,0,ဒလမြို့နယ်
8,ရန်ကုန်တိုင်းဒေသကြီး,0,ကော့မှူးမြို့နယ်
8,ရန်ကုန်တိုင်းဒေသကြီး,0,ဆိပ်ကြီး / ခနောင်တိုမြို့နယ်
8,ရန်ကုန်တိုင်းဒေသကြီး,0,ကွမ်းခြံကုန်းမြို့နယ်
8,ရန်ကုန်တိုင်းဒေသကြီး,0,ကိုကိုးကျွန်းမြို့နယ်
9,ရန်ကုန်တိုင်းဒေသကြီး,0,ထန်းတပင်မြို့နယ်
9,ရန်ကုန်တိုင်းဒေသကြီး,0,ရွှေပြည်သာမြို့နယ်
9,ရန်ကုန်တိုင်းဒေသကြီး,0,မှော်ဘီမြို့နယ်
10,ရန်ကုန်တိုင်းဒေသကြီး,0,အင်းစိန်မြို့နယ်
10,ရန်ကုန်တိုင်းဒေသကြီး,0,မင်္ဂလာဒုံမြို့နယ်
11,ရန်ကုန်တိုင်းဒေသကြီး,0,လှိုင်သာယာမြို့နယ်
12,ရန်ကုန်တိုင်းဒေသကြီး,0,တိုက်ကြီးမြို့နယ်
12,ရန်ကုန်တိုင်းဒေသကြီး,0,လှည်းကူးမြို့နယ်
1,ရှမ်းပြည်နယ်,0,တောင်ကြီးခရိုင်အတွင်းရှိတောင်ကြီးမြို့နယ်
1,ရှမ်းပြည်နယ်,0,ညောင်ရွှေမြို့နယ်
1,ရှမ်းပြည်နယ်,0,ရပ်စောက်မြို့နယ်
1,ရှမ်းပြည်နယ်,0,ကလောမြို့နယ်နှင့် ဖယ်ခုံမြို့နယ်
2,ရှမ်းပြည်နယ်,0,လွိုင်လင်ခရိုင်
2,ရှမ်းပြည်နယ်,0,လင်းခေးခရိုင်
3,ရှမ်းပြည်နယ်,0,လားရှိုးခရိုင်တစ်ခုလုံး
4,ရှမ်းပြည်နယ်,0,ကျောက်မဲခရိုင်အတွင်းရှိ ကျောက်မဲမြို့နယ်
4,ရှမ်းပြည်နယ်,0,သီပေါမြို့နယ်
4,ရှမ်းပြည်နယ်,0,နမ္မတူမြို့နယ်
4,ရှမ်းပြည်နယ်,0,နောင်ချိုမြို့နယ်
4,ရှမ်းပြည်နယ်,0,မိုးမိတ်ခရိုင် တစ်ခုလုံး
5,ရှမ်းပြည်နယ်,0,မူဆယ်ခရိုင်တစ်ခုလုံး
6,ရှမ်းပြည်နယ်,0,ကျိုင်းတုံခရိုင်တစ်ခုလုံး
7,ရှမ်းပြည်နယ်,0,တာချီလိတ်ခရိုင်
7,ရှမ်းပြည်နယ်,0,မိုင်းဆတ်ခရိုင်
8,ရှမ်းပြည်နယ်,0,ဓနုကိုယ်ပိုင်အုပ်ချုပ်ခွင့်ရဒေသ။(ရွာငံမြို့နယ်
8,ရှမ်းပြည်နယ်,0,ပင်းတယမြို့နယ်)
9,ရှမ်းပြည်နယ်,0,ပအိုဝ်းကိုယ်ပိုင်အုပ်ချုပ်ခွင့်ရဒေသ။(ဟိုပုံးမြို့နယ်
9,ရှမ်းပြည်နယ်,0,ဆီဆိုင်မြို့နယ်
9,ရှမ်းပြည်နယ်,0,ပင်လောင်းမြို့နယ်)
10,ရှမ်းပြည်နယ်,0,ပလောင်ကိုယ်ပိုင်အုပ်ချုပ်ခွင့်ရဒေသ။(နမ့်ဆန်မြို့နယ်
10,ရှမ်းပြည်နယ်,0,မန်တုံမြို့နယ်)
11,ရှမ်းပြည်နယ်,0,ကိုးကန့်ကိုယ်ပိုင်အုပ်ချုပ်ခွင့်ရဒေသ။(ကုန်းကြမ်းမြို့နယ်
11,ရှမ်းပြည်နယ်,0,လောက်ကိုင်မြို့နယ်)
12,ရှမ်းပြည်နယ်,0,“ဝ” ကိုယ်ပိုင်အုပ်ချုပ်ခွင့်ရတိုင်း။(ဟိုပန်မြို့နယ်
12,ရှမ်းပြည်နယ်,0,မိုင်းမောမြို့နယ်
12,ရှမ်းပြည်နယ်,0,ပန်ဝိုင်မြို့နယ်
12,ရှမ်းပြည်နယ်,0,နားဖန်း မြို့နယ်
12,ရှမ်းပြည်နယ်,0,မက်မန်းမြို့နယ်
12,ရှမ်းပြည်နယ်,0,ပန်ဆန်း(ပန်ခမ်း)မြို့နယ်)
1,ဧရာဝတီတိုင်းဒေသကြီး,0,ပုသိမ်မြို့နယ်
1,ဧရာဝတီတိုင်းဒေသကြီး,0,ငပုတောမြို့နယ်
2,ဧရာဝတီတိုင်းဒေသကြီး,0,ကန်ကြီးထောင့်မြို့နယ်
2,ဧရာဝတီတိုင်းဒေသကြီး,0,သာပေါင်းမြို့နယ်နှင့် ကျောင်းကုန်း မြို့နယ်
3,ဧရာဝတီတိုင်းဒေသကြီး,0,ကျုံပျော်မြို့နယ်
3,ဧရာဝတီတိုင်းဒေသကြီး,0,ရေကြည်မြို့နယ်
4,ဧရာဝတီတိုင်းဒေသကြီး,0,ဟင်္သာတမြို့နယ် နှင့် ဇလွန်မြို့နယ်
4,ဧရာဝတီတိုင်းဒေသကြီး,0,လေးမျက်နှာမြို့နယ်
5,ဧရာဝတီတိုင်းဒေသကြီး,0,အင်္ဂပူမြို့နယ်
5,ဧရာဝတီတိုင်းဒေသကြီး,0,မြန်အောင်မြို့နယ်
5,ဧရာဝတီတိုင်းဒေသကြီး,0,ကြံခင်းမြို့နယ်
6,ဧရာဝတီတိုင်းဒေသကြီး,0,မြောင်းမြမြို့နယ်တစ်ခုလုံး
7,ဧရာဝတီတိုင်းဒေသကြီး,0,ဝါးခယ်မမြို့နယ်
7,ဧရာဝတီတိုင်းဒေသကြီး,0,အိမ်မဲမြို့နယ်
8,ဧရာဝတီတိုင်းဒေသကြီး,0,မအူပင်မြို့နယ်
8,ဧရာဝတီတိုင်းဒေသကြီး,0,ညောင်တုန်းမြို့နယ်
9,ဧရာဝတီတိုင်းဒေသကြီး,0,ပန်းတနော်မြို့နယ်
9,ဧရာဝတီတိုင်းဒေသကြီး,0,ဓနုဖြူမြို့နယ်
10,ဧရာဝတီတိုင်းဒေသကြီး,0,ဖျာပုံမြို့နယ်
10,ဧရာဝတီတိုင်းဒေသကြီး,0,ဒေးဒရဲမြို့နယ်
11,ဧရာဝတီတိုင်းဒေသကြီး,0,ဘိုကလေးမြို့နယ်
11,ဧရာဝတီတိုင်းဒေသကြီး,0,ကျိုက်လတ်မြို့နယ်
12,ဧရာဝတီတိုင်းဒေသကြီး,0,လပွတ္တာခရိုင်တစ်ခုလုံး
