MPID	Name	Name_in_Burmese	Constituency	ConstituencyBurmese	Region	RegionBurmese	Party	Gender	Ethnicity	Religion	DoB	Previous_Occupation	Parliament	Elected_Year	Term_End_Year
LWMP-01-0014	U Mya Thein	ဦးမြသိန်း	Bogalay Tsp	ဘိုကလေးမြို့နယ်	Ayeyawady	ဧရာဝတီတိုင်းဒေသကြီး	USDP	Male	Bamar	Buddhism	21-Jul-49	Others	First Pyithu Hluttaw	2010	2015
LWMP-01-0025	U Kyi Tint	ဦးကြည်တင့်	Da Nu Byu Tsp	ဓနုဖြူမြို့နယ်	Ayeyawady	ဧရာဝတီတိုင်းဒေသကြီး	USDP	Male	Bamar	Buddhism	19-Jul-50	Business	First Pyithu Hluttaw	2010	2015
LWMP-01-0035	U Tin Win	ဦးတင်ဝင်း	Daydaye Tsp	ဒေးဒရဲမြို့နယ်	Ayeyawady	ဧရာဝတီတိုင်းဒေသကြီး	USDP	Male	Bamar	Buddhism	17-Jul-42	Agriculture	First Pyithu Hluttaw	2010	2015
LWMP-01-0040	U Saw James	ဦးစောဂျိမ်း	Eain Mae Tsp	အိမ်မဲမြို့နယ်	Ayeyawady	ဧရာဝတီတိုင်းဒေသကြီး	USDP	Male	Kayin	Christianity	13-Mar-40	Civil Service	First Pyithu Hluttaw	2010	2015
LWMP-01-0047	U Htay Oo	ဦးဌေးဦး	Hin Tha Ta Tsp	ဟင်္သာတမြို့နယ်	Ayeyawady	ဧရာဝတီတိုင်းဒေသကြီး	USDP	Male	Bamar	Buddhism	20-Jan-50	Military	First Pyithu Hluttaw	2010	2015
LWMP-01-0065	U Maung Maung Soe	ဦးမောင်မောင်စိုး	Ingapu Tsp	အင်္ဂပူမြို့နယ်	Ayeyawady	ဧရာဝတီတိုင်းဒေသကြီး	USDP	Male	Bamar	Buddhism	21-Oct-52	Civil Service	First Pyithu Hluttaw	2010	2015
LWMP-01-0074	U Kyaw Win	ဦးကျော်ဝင်း	Kan-Gyi-Htaunt Tsp	ကန်ကြီးထောင့်မြို့နယ်	Ayeyawady	ဧရာဝတီတိုင်းဒေသကြီး	USDP	Male	Bamar	Buddhism	2-May-55	Education	First Pyithu Hluttaw	2010	2015
LWMP-01-0095	U Than Win	ဦးသန်းဝင်း	Kyaik Lat Tsp	ကျိုက်လတ်မြို့နယ်	Ayeyawady	ဧရာဝတီတိုင်းဒေသကြီး	USDP	Male	Bamar	Buddhism	27-Feb-59	Civil Service	First Pyithu Hluttaw	2010	2015
LWMP-01-0099	Dr Tin Maung Kyaing	ဒေါက်တာတင်မောင်ကြိုင်	Kyan Khin Tsp	ကြံခင်းမြို့နယ်	Ayeyawady	ဧရာဝတီတိုင်းဒေသကြီး	USDP	Male	Bamar	Buddhism	23-Dec-50	Medicines	First Pyithu Hluttaw	2010	2015
LWMP-01-0110	U Thein Tun	ဦးသိန်းထွန်း	Kyaunggon Tsp	ကျောင်းကုန်းမြို့နယ်	Ayeyawady	ဧရာဝတီတိုင်းဒေသကြီး	USDP	Male	Bamar	Buddhism	24-Aug-56	Education	First Pyithu Hluttaw	2010	2015
LWMP-01-0113	Dr Soe Thura	ဒေါက်တာစိုးသူရ	Kyone Pyaw Tsp	ကျုံပျော်မြို့နယ်	Ayeyawady	ဧရာဝတီတိုင်းဒေသကြီး	USDP	Male	Bamar	Buddhism	6-Aug-51	Medicines	First Pyithu Hluttaw	2010	2015
LWMP-01-0120	U Zaw Tun	ဦးဇော်ထွန်း	Lat But Tar Tsp	လပွတ္တာမြို့နယ်	Ayeyawady	ဧရာဝတီတိုင်းဒေသကြီး	USDP	Male	Bamar	Christianity	12-Mar-63	Business	First Pyithu Hluttaw	2010	2015
LWMP-01-0123	U Ba Htay	ဦးဘဌေး	Lay Myat Hnar Tsp	လေးမျက်နှာမြို့နယ်	Ayeyawady	ဧရာဝတီတိုင်းဒေသကြီး	USDP	Male	Bamar	Buddhism	1-Mar-42	Civil Service	First Pyithu Hluttaw	2010	2015
LWMP-01-0137	U Sein Winn	ဦးစိန်ဝင်း	Ma U Bin Tsp	မအူပင်မြို့နယ်	Ayeyawady	ဧရာဝတီတိုင်းဒေသကြီး	NLD	Male	Bamar	Buddhism	1-Jan-57	Agriculture	First Pyithu Hluttaw	2012	2015
LWMP-01-0138	U Thein Nyunt	ဦးသိန်းညွှန့်	Ma U Bin Tsp	မအူပင်မြို့နယ်	Ayeyawady	ဧရာဝတီတိုင်းဒေသကြီး	USDP	Male	Bamar	Buddhism	8-Oct-48	Civil Service	First Pyithu Hluttaw	2010	2011
LWMP-01-0153	U Ko Ko Lwin	ဦးကိုကိုလွင်	Mawlamyaing Gyun Tsp	မော်လမြိုင်ကျွန်းမြို့နယ်	Ayeyawady	ဧရာဝတီတိုင်းဒေသကြီး	USDP	Male	Bamar	Buddhism	15-May-61	Civil Service	First Pyithu Hluttaw	2010	2015
LWMP-01-0194	U Kyaw Myint	ဦးကျော်မြင့်	Myan Aung Tsp	မြန်အောင်မြို့နယ်	Ayeyawady	ဧရာဝတီတိုင်းဒေသကြီး	NLD	Male	Bamar	Buddhism	30-Aug-43	Agriculture	First Pyithu Hluttaw	2012	2015
LWMP-01-0195	U Than Htay	ဦးသန်းဌေး	Myan Aung Tsp	မြန်အောင်မြို့နယ်	Ayeyawady	ဧရာဝတီတိုင်းဒေသကြီး	USDP	Male	Bamar	Buddhism	12-Nov-54	Military	First Pyithu Hluttaw	2010	2011
LWMP-01-0196	U Mann Johnny	ဦးမန်းဂျော်နီ	Myaung Mya Tsp	မြောင်းမြမြို့နယ်	Ayeyawady	ဧရာဝတီတိုင်းဒေသကြီး	NLD	Male	Kayin	Christianity	30-Jan-42	Civil Service	First Pyithu Hluttaw	2012	2015
LWMP-01-0197	U Tint Hsan	ဦးတင့်ဆန်း	Myaung Mya Tsp	မြောင်းမြမြို့နယ်	Ayeyawady	ဧရာဝတီတိုင်းဒေသကြီး	USDP	Male	Bamar	Buddhism	14-Sep-56	Business	First Pyithu Hluttaw	2010	2011
LWMP-01-0219	Daw Khin Than Myint	ဒေါ်ခင်သန်းမြင့်	Ngaputaw Tsp	ငပုတောမြို့နယ်	Ayeyawady	ဧရာဝတီတိုင်းဒေသကြီး	USDP	Female	Bamar	Buddhism	9-Oct-60	Civil Service	First Pyithu Hluttaw	2010	2015
LWMP-01-0224	U Aung Mya Than	ဦးအောင်မြသန်း	Nyaungdon Tsp	ညောင်တုန်းမြို့နယ်	Ayeyawady	ဧရာဝတီတိုင်းဒေသကြီး	USDP	Male	Bamar	Buddhism	5-Mar-55	Law	First Pyithu Hluttaw	2010	2015
LWMP-01-0239	U Mann Mg Mg Nyan	ဦးမန်းမောင်မောင်ဉာဏ်	Pan Ta Naw Tsp	ပန်းတနော်မြို့နယ်	Ayeyawady	ဧရာဝတီတိုင်းဒေသကြီး	NUP	Male	Kayin	Buddhism	18-May-38	Education	First Pyithu Hluttaw	2010	2015
LWMP-01-0240	U Winn Myint	ဦးဝင်းမြင့်	Pathein Tsp	ပုသိမ်မြို့နယ်	Ayeyawady	ဧရာဝတီတိုင်းဒေသကြီး	NLD	Male	Bamar	Buddhism	8-Nov-51	Others	First Pyithu Hluttaw	2012	2015
LWMP-01-0241	U Than Tun	ဦးသန်းထွန်း	Pathein Tsp	ပုသိမ်မြို့နယ်	Ayeyawady	ဧရာဝတီတိုင်းဒေသကြီး	USDP	Male	Bamar	Buddhism	1-May-67	Business	First Pyithu Hluttaw	2010	2011
LWMP-01-0265	U Soe Naing	ဦးစိုးနိုင်	Pyapon Tsp	ဖျာပုံမြို့နယ်	Ayeyawady	ဧရာဝတီတိုင်းဒေသကြီး	USDP	Male	Bamar	Buddhism	1-May-55	Military	First Pyithu Hluttaw	2010	2015
LWMP-01-0322	U Win Than	ဦးဝင်းသန်း	Thar Paung Tsp	သာပေါင်းမြို့နယ်	Ayeyawady	ဧရာဝတီတိုင်းဒေသကြီး	USDP	Male	Bamar	Buddhism	15-Aug-65	Civil Service	First Pyithu Hluttaw	2010	2015
LWMP-01-0338	Daw Myint Myint Sann	ဒေါ်မြင့်မြင့်စန်း	War Khae Ma Tsp	ဝါးခယ်မမြို့နယ်	Ayeyawady	ဧရာဝတီတိုင်းဒေသကြီး	NLD	Female	Bamar	Buddhism	29-Sep-60	Others	First Pyithu Hluttaw	2012	2015
LWMP-01-0339	U Khin Maung Aye	ဦးခင်မောင်အေး	War Khae Ma Tsp	ဝါးခယ်မမြို့နယ်	Ayeyawady	ဧရာဝတီတိုင်းဒေသကြီး	USDP	Male	Bamar	Buddhism	4-Feb-52	Military	First Pyithu Hluttaw	2010	2011
LWMP-01-0349	U Maung Maung Tin	ဦးမောင်မောင်တင်	Ye Kyi Tsp	ရေကြည်မြို့နယ်	Ayeyawady	ဧရာဝတီတိုင်းဒေသကြီး	USDP	Male	Mon	Buddhism	17-Nov-55	Agriculture	First Pyithu Hluttaw	2010	2015
LWMP-01-0360	U Tin Htut	ဦးတင်ထွဋ်	Zalun Tsp	ဇလွန်မြို့နယ်	Ayeyawady	ဧရာဝတီတိုင်းဒေသကြီး	USDP	Male	Bamar	Buddhism	17-Jan-42	Civil Service	First Pyithu Hluttaw	2010	2015
LWMP-01-0007	U Kyin Thein	ဦးကျင်သိန်း	Bago Tsp	ပဲခူးမြို့နယ်	Bago	ပဲခူးတိုင်းဒေသကြီး	USDP	Male	Bamar	Buddhism	29-Aug-41	Education	First Pyithu Hluttaw	2010	2015
LWMP-01-0031	U Min Swe	ဦးမင်းဆွေ	Daikoo Tsp	ဒိုက်ဦးမြို့နယ်	Bago	ပဲခူးတိုင်းဒေသကြီး	USDP	Male	Bamar	Buddhism	6-Aug-48	Civil Service	First Pyithu Hluttaw	2010	2015
LWMP-01-0044	U Thant Zin	ဦးသန့်ဇင်	Gyobingout Tsp	ကြို့ပင်ကောက်မြို့နယ်	Bago	ပဲခူးတိုင်းဒေသကြီး	USDP	Male	Bamar	Buddhism	22-Jun-68	Art	First Pyithu Hluttaw	2010	2015
LWMP-01-0059	U Sein Tun	ဦးစိန်ထွန်း	Htantabin Tsp	ထန်းတပင်မြို့နယ်	Bago	ပဲခူးတိုင်းဒေသကြီး	NLD	Male	Bamar	Buddhism	7-May-66	Education	First Pyithu Hluttaw	2012	2015
LWMP-01-0060	U Win Tin	ဦးဝင်းထွန်း	Htantabin Tsp	ထန်းတပင်မြို့နယ်	Bago	ပဲခူးတိုင်းဒေသကြီး	USDP	Male	Bamar	Buddhism	7-Aug-54	Business	First Pyithu Hluttaw	2010	2011
LWMP-01-0081	U Win Sein	ဦးဝင်းစိန်	Kawa Tsp	ကဝမြို့နယ်	Bago	ပဲခူးတိုင်းဒေသကြီး	USDP	Male	Bamar	Buddhism	12-Sep-46	Military	First Pyithu Hluttaw	2010	2015
LWMP-01-0103	U Nyan Swe Win	ဦးဉာဏ်ဆွေဝင်း	Kyaukkyi Tsp	ကျောက်ကြီးမြို့နယ်	Bago	ပဲခူးတိုင်းဒေသကြီး	NUP	Male	Bamar	Buddhism	19-Feb-47	Civil Service	First Pyithu Hluttaw	2010	2015
LWMP-01-0109	Dr Khin Maung Swe	​ဒေါက်တာခင်မောင်ဆွေ	Kyauktaka Tsp	ကျောက်တံခါးမြို့နယ်	Bago	ပဲခူးတိုင်းဒေသကြီး	USDP	Male	Bamar	Buddhism	5-Jun-55	Medicines	First Pyithu Hluttaw	2010	2015
LWMP-01-0126	U Kyaw Min	ဦးကျော်မင်း	Letpadan Tsp	လက်ပံတန်းမြို့နယ်	Bago	ပဲခူးတိုင်းဒေသကြီး	NLD	Male	Bamar	Buddhism	20-Jun-61	Civil Service	First Pyithu Hluttaw	2012	2015
LWMP-01-0127	Dr Win Myint	ဒေါက်တာဝင်းမြင့်	Letpadan Tsp	လက်ပံတန်းမြို့နယ်	Bago	ပဲခူးတိုင်းဒေသကြီး	USDP	Male	Bamar	Buddhism	5-Jul-54	Tourism	First Pyithu Hluttaw	2010	2011
LWMP-01-0176	U Maung Toe	ဦးမောင်တိုး	Minhla Tsp	မင်းလှမြို့နယ်	Bago	ပဲခူးတိုင်းဒေသကြီး	USDP	Male	Bamar	Buddhism	12-Nov-50	Civil Service	First Pyithu Hluttaw	2010	2015
LWMP-01-0188	U Nan Oo	ဦးနန်းဦး	Monyo Tsp	မိုးညိုမြို့နယ်	Bago	ပဲခူးတိုင်းဒေသကြီး	USDP	Male	Bamar	Buddhism	12-Dec-70	Civil Service	First Pyithu Hluttaw	2010	2015
LWMP-01-0214	U Ye Htut Oo	ဦးရဲထွဋ်ဦး	Nattalin Tsp	နတ်တလင်းမြို့နယ်	Bago	ပဲခူးတိုင်းဒေသကြီး	USDP	Male	Bamar	Buddhism	16-Jun-77	Business	First Pyithu Hluttaw	2010	2015
LWMP-01-0225	U Soe Myint	ဦးစိုးမြင့်	Nyaunglaypin Tsp	ညောင်လေးပင်မြို့နယ်	Bago	ပဲခူးတိုင်းဒေသကြီး	USDP	Male	Bamar	Buddhism	18-May-40	Civil Service	First Pyithu Hluttaw	2010	2015
LWMP-01-0226	U Tin Htway	ဦးတင်ထွေး	Oakpho Tsp	အုတ်ဖိုမြို့နယ်	Bago	ပဲခူးတိုင်းဒေသကြီး	USDP	Male	Bamar	Buddhism	14-Jan-67	Business	First Pyithu Hluttaw	2010	2015
LWMP-01-0227	U Nyi Nyi Myint	ဦးညီညီမြင့်	Oaktwin Tsp	အုတ်တွင်းမြို့နယ်	Bago	ပဲခူးတိုင်းဒေသကြီး	USDP	Male	Bamar	Buddhism	19-Sep-65	Law	First Pyithu Hluttaw	2010	2015
LWMP-01-0232	U Khin Win	ဦးခင်ဝင်း	Padaung Tsp	ပန်းတောင်းမြို့နယ်	Bago	ပဲခူးတိုင်းဒေသကြီး	USDP	Male	Bamar	Buddhism	28-Apr-48	Civil Service	First Pyithu Hluttaw	2010	2015
LWMP-01-0242	U Aye Han	ဦးအေးဟန်	Pauk Khaung	ပေါက်ခေါင်းမြို့နယ်	Bago	ပဲခူးတိုင်းဒေသကြီး	USDP	Male	Bamar	Buddhism	22-May-37	Civil Service	First Pyithu Hluttaw	2010	2015
LWMP-01-0246	U Aung Myint Thein	ဦးအောင်မြင့်သိန်း	Paungde Tsp	ပေါင်းတည်မြို့နယ်	Bago	ပဲခူးတိုင်းဒေသကြီး	USDP	Male	Bamar	Buddhism	27-Feb-55	Civil Service	First Pyithu Hluttaw	2010	2015
LWMP-01-0254	U Nyunt Hlaing	ဦးညွှန့်လှိုင်	Phyu Tsp	ဖြူးမြို့နယ်	Bago	ပဲခူးတိုင်းဒေသကြီး	USDP	Male	Bamar	Buddhism	16-Feb-54	Agriculture	First Pyithu Hluttaw	2010	2015
LWMP-01-0267	U Win Myint	ဦးဝင်းမြင့်	Pyay Tsp	ပြည်မြို့နယ်	Bago	ပဲခူးတိုင်းဒေသကြီး	USDP	Male	Bamar	Buddhism	5-Jul-53	Business	First Pyithu Hluttaw	2010	2015
LWMP-01-0287	U Tin Tun	ဦးတင်ထွန်း	Shwekyin Tsp	ရွှေကျင်မြို့နယ်	Bago	ပဲခူးတိုင်းဒေသကြီး	NUP	Male	Bamar	Buddhism	13-Mar-43	Civil Service	First Pyithu Hluttaw	2010	2015
LWMP-01-0289	Prof: Dr. Aye Myint	ဒေါက်တာအေးမြင့်	Shwetaung Tsp	ရွှေတောင်မြို့နယ်	Bago	ပဲခူးတိုင်းဒေသကြီး	USDP	Female	Bamar	Buddhism	25-Feb-45	Education	First Pyithu Hluttaw	2010	2015
LWMP-01-0312	U Aung Min	ဦးအောင်မင်း	Taungoo Tsp	တောင်ငူမြို့နယ်	Bago	ပဲခူးတိုင်းဒေသကြီး	USDP	Male	Bamar	Buddhism	21-Nov-49	Civil Service	First Pyithu Hluttaw	2010	2011
LWMP-01-0317	U Myint Oo	ဦးမြင့်ဦး	Thanatpin Tsp	သနပ်ပင်မြို့နယ်	Bago	ပဲခူးတိုင်းဒေသကြီး	NLD	Male	Bamar	Buddhism	13-Sep-56	Medicines	First Pyithu Hluttaw	2012	2015
LWMP-01-0318	U Arnt Gyi	ဦးအံ့ကြီး	Thanatpin Tsp	သနပ်ပင်မြို့နယ်	Bago	ပဲခူးတိုင်းဒေသကြီး	USDP	Male	Bamar	Buddhism	1-Oct-50	Business	First Pyithu Hluttaw	2010	2011
LWMP-01-0324	U Maung Maung	ဦးမောင်မောင်	Tharyarwaddy Tsp	သာယာဝတီမြို့နယ်	Bago	ပဲခူးတိုင်းဒေသကြီး	USDP	Male	Bamar	Buddhism	27-Jul-53	Business	First Pyithu Hluttaw	2010	2015
LWMP-01-0329	U Soe Aung	ဦးစိုးအောင်	Thegon Tsp	သဲကုန်းမြို့နယ်	Bago	ပဲခူးတိုင်းဒေသကြီး	USDP	Male	Bamar	Buddhism	12-Dec-63	Business	First Pyithu Hluttaw	2010	2015
LWMP-01-0333	Daw Su Su Lwin	ဒေါ်စုစုလွင်	Thongwa Tsp	သုံးခွမြို့နယ်	Bago	ပဲခူးတိုင်းဒေသကြီး	NLD	Female	Bamar	Buddhism	22-Apr-52	Civil Service	First Pyithu Hluttaw	2012	2015
LWMP-01-0335	U Aung Soe Myint	ဦးအောင်စိုးမြင့်	Toungoo Tsp	တောင်ငူမြို့နယ်	Bago	ပဲခူးတိုင်းဒေသကြီး	NLD	Male	Bamar	Buddhism	3-Aug-52	Others	First Pyithu Hluttaw	2012	2015
LWMP-01-0340	U Myint Shwe	ဦးမြင့်ရွှေ	Waw Tsp	ဝေါမြို့နယ်	Bago	ပဲခူးတိုင်းဒေသကြီး	USDP	Male	Bamar	Buddhism	5-Dec-47	Civil Service	First Pyithu Hluttaw	2010	2015
LWMP-01-0355	U Myo Thant	ဦးမျိုးသန့်	Yetarshay Tsp	ရေတာရှည်မြို့နယ်	Bago	ပဲခူးတိုင်းဒေသကြီး	USDP	Male	Bamar	Buddhism	20-Oct-51	Civil Service	First Pyithu Hluttaw	2010	2015
LWMP-01-0361	U Khin Maung Myint	ဦးခင်မောင်မြင့်	Zegone Tsp	ဇီးကုန်းမြို့နယ်	Bago	ပဲခူးတိုင်းဒေသကြီး	USDP	Male	Bamar	Buddhism	12-Dec-54	Law	First Pyithu Hluttaw	2010	2015
LWMP-01-0045	U Ngun Maung	ဦးငွန်မောင်း	Har Khar Tsp	ဟားခါးမြို့နယ်	Chin	ချင်းပြည်နယ်	CNP	Male	Chin	Christianity	12-Mar-50	Civil Service	First Pyithu Hluttaw	2010	2015
LWMP-01-0058	Daw Zar Ta Lem	ဒေါ်ဇာတလိန်း	Htan Talan Tsp	ထန်တလန်မြို့နယ်	Chin	ချင်းပြည်နယ်	CNP	Female	Chin	Christianity	14-Feb-68	Education	First Pyithu Hluttaw	2010	2015
LWMP-01-0073	Thura U Aung Ko	သူရဦးအောင်ကို	Kan Pet Let Tsp	ကန်ပက်လက်မြို့နယ်	Chin	ချင်းပြည်နယ်	USDP	Male	Bamar	Buddhism	4-Jan-48	Civil Service	First Pyithu Hluttaw	2010	2015
LWMP-01-0136	Dr Ro Oak	ဒေါက်တာရိုအုပ်	Ma Tupe Tsp	မတူပီမြို့နယ်	Chin	ချင်းပြည်နယ်	USDP	Male	Chin	Christianity	20-Jun-46	Civil Service	First Pyithu Hluttaw	2010	2015
LWMP-01-0178	U Htann Lain	ဦးထန်လိန်း	Minn Dut Tsp	မင်းတပ်မြို့နယ်	Chin	ချင်းပြည်နယ်	USDP	Male	Chin	Christianity	15-Mar-58	Civil Service	First Pyithu Hluttaw	2010	2015
LWMP-01-0238	U Pike Linn	ဦးပိုက်လင်း	Paletwa Tsp	ပလက်ဝမြို့နယ်	Chin	ချင်းပြည်နယ်	CDP	Male	Khu Phee Chin	Christianity	9-Jun-46	Medicines	First Pyithu Hluttaw	2010	2015
LWMP-01-0248	U Khun Lane	ဦးခွန်လိန်း	Pha Lann Tsp	ဖလမ်းမြို့နယ်	Chin	ချင်းပြည်နယ်	CDP	Male	Chin	Christianity	8-Jun-43	Civil Service	First Pyithu Hluttaw	2010	2015
LWMP-01-0313	U Phone Khant In	ဦးပုမ်ခန့်အင်	Tee Tain Tsp	တီးတိန်မြို့နယ်	Chin	ချင်းပြည်နယ်	USDP	Male	Chin	Christianity	7-Sep-42	Civil Service	First Pyithu Hluttaw	2010	2015
LWMP-01-0336	U Hauk Khant Man	ဦးဟောက်ခန့်မန်	Tunn Zan Tsp	တွန်းဇံမြို့နယ်	Chin	ချင်းပြည်နယ်	USDP	Male	Chin	Christianity	10-Dec-43	Civil Service	First Pyithu Hluttaw	2010	2015
LWMP-01-0010	U Lun Maung	ဦးလွန်းမောင်	Bamaw Tsp	ဗန်းမော်မြို့နယ်	Kachin	ကချင်ပြည်နယ်	USDP	Male	Shan	Buddhism	2-Mar-49	Military	First Pyithu Hluttaw	2010	2011
LWMP-01-0023	U Zone Tain	ဦးဇုန်တိန့်	Chi Bway Tsp	ချီဖွေမြို့နယ်	Kachin	ကချင်ပြည်နယ်	USDP	Male	La Chade	Christianity	26-Jun-54	Business	First Pyithu Hluttaw	2010	2015
LWMP-01-0057	U Ohn Myint	ဦးအုန်းမြင့်	Hpa Khant Tsp	ဖားကန့်မြို့နယ်	Kachin	ကချင်ပြည်နယ်	USDP	Male	Bamar	Buddhism	29-Oct-54	Military	First Pyithu Hluttaw	2010	2011
LWMP-01-0064	Daw Dwe Bu	ဒေါ်ဒွဲဘူ	In Gyanyan Tsp	အင်ဂျန်းယန်မြို့နယ်	Kachin	ကချင်ပြည်နယ်	UDP	Female	Kachin	Christianity	26-Mar-62	Law	First Pyithu Hluttaw	2010	2015
LWMP-01-0086	U Si Khan Rum	ဦးစီခဲန်ရန်း	Khaung Lan Phu Tsp	ခေါင်လန်ဖူးမြို့နယ်	Kachin	ကချင်ပြည်နယ်	USDP	Male	Rawan	Christianity	14-Dec-50	Civil Service	First Pyithu Hluttaw	2010	2015
LWMP-01-0134	U In Phone Sunn	ဦးအင်ဖုန်ဆွမ်း	Ma Chan Baw Tsp	မချမ်းဘောမြို့နယ်	Kachin	ကချင်ပြည်နယ်	NUP	Male	Rawan	Christianity	24-Dec-40	Civil Service	First Pyithu Hluttaw	2010	2015
LWMP-01-0147	U Tun Tun	ဦးထွန်းထွန်း	Manse Tsp	မံစီမြို့နယ်	Kachin	ကချင်ပြည်နယ်	USDP	Male	Shan-Bamar	Buddhism	9-Nov-55	Business	First Pyithu Hluttaw	2010	2015
LWMP-01-0180	U Hpone Swe	ဦးဖုန်းဆွေ	Mo Gaung Tsp	မိုးကောင်းမြို့နယ်	Kachin	ကချင်ပြည်နယ်	USDP	Male	Bamar	Buddhism	13-May-54	Civil Service	First Pyithu Hluttaw	2010	2011
LWMP-01-0181	U Kyaw Soe Lay	ဦးကျော်စိုးလေး	Mo Hnyinn Tsp	မိုးညှင်းမြို့နယ်	Kachin	ကချင်ပြည်နယ်	USDP	Male	Time Line	Buddhism	12-Nov-57	Business	First Pyithu Hluttaw	2010	2015
LWMP-01-0182	U Zaw Tun	ဦးဇော်ထွန်း	Mo Mout Tsp	မိုးမောက်မြို့နယ်	Kachin	ကချင်ပြည်နယ်	SNDP	Male	Shan	Buddhism	3-Jan-84	Agriculture	First Pyithu Hluttaw	2010	2015
LWMP-01-0205	U Thein Zaw	ဦးသိန်းဇော်	Myitkyina Tsp	မြစ်ကြီးနားမြို့နယ်	Kachin	ကချင်ပြည်နယ်	USDP	Male	Bamar	Buddhism	20-Oct-51	Civil Service	First Pyithu Hluttaw	2010	2015
LWMP-01-0215	U Gyi Phone Sarr	ဦးဂျီဖုန်းဆာ	Naung Mon Tsp	နောင်မွန်းမြို့နယ်	Kachin	ကချင်ပြည်နယ်	USDP	Male	Rawan	Christianity	20-Feb-54	Education	First Pyithu Hluttaw	2010	2015
LWMP-01-0262	U Yaw De Dwe	ဦးယော်ဒီဒွေ	Putato Tsp	ပူတာအိုမြို့နယ်	Kachin	ကချင်ပြည်နယ်	USDP	Male	Lesu	Christianity	16-Apr-62	Agriculture	First Pyithu Hluttaw	2010	2015
LWMP-01-0279	U Zaung Khaung	ဦးဇောင်ခေါင်	Saw Law Tsp	ဆော့လော်မြို့နယ်	Kachin	ကချင်ပြည်နယ်	USDP	Male	Law Waw	Christianity	19-Jun-70	Civil Service	First Pyithu Hluttaw	2010	2015
LWMP-01-0286	U Winn Naing	ဦးဝင်းနိုင်	Shwegu Tsp	ရွှေကူမြို့နယ်	Kachin	ကချင်ပြည်နယ်	USDP	Male	Shan-Bamar	Buddhism	2-Feb-45	Education	First Pyithu Hluttaw	2010	2015
LWMP-01-0297	U Kha Mine Mon Kwan	ဦးခမိုင်မုံကွမ်	Swum Para Bwum Tsp	ဆွမ်ပရာဘွမ်မြို့နယ်	Kachin	ကချင်ပြည်နယ်	USDP	Male	Jane Phaw	Christianity	10-Apr-56	Business	First Pyithu Hluttaw	2010	2015
LWMP-01-0298	U Myo Swe	ဦးမျိုးဆွေ	Ta Nine Tsp	တနိုင်းမြို့နယ်	Kachin	ကချင်ပြည်နယ်	USDP	Male	Bamar	Buddhism	12-Jan-51	Military	First Pyithu Hluttaw	2010	2015
LWMP-01-0342	U Yein Baum	ဦးယိန်ဘော	Wine Maw Tsp	ဝိုင်းမော်မြို့နယ်	Kachin	ကချင်ပြည်နယ်	NUP	Male	La Chade	Christianity	24-Dec-37	Education	First Pyithu Hluttaw	2010	2015
LWMP-01-0009	U Aye Maung	ဦးအေးမောင်	Bal La Khae Tsp	ဘောလခဲမြို့နယ်	Kayah	ကယားပြည်နယ်	USDP	Male	Pin Ta Lae	Buddhism	22-Apr-71	Education	First Pyithu Hluttaw	2010	2015
LWMP-01-0036	U Soe Rae	ဦးစိုးရယ်	De Maw So Tsp	ဒီးမော့ဆိုမြို့နယ်	Kayah	ကယားပြည်နယ်	USDP	Male	Kayah	Buddhism	19-Mar-66	Civil Service	First Pyithu Hluttaw	2010	2015
LWMP-01-0041	U Oo Rae	ဦးအူးရယ်	Fru So Tsp	ဖရူဆိုမြို့နယ်	Kayah	ကယားပြည်နယ်	USDP	Male	Kayah	Christianity	12-Jul-54	Civil Service	First Pyithu Hluttaw	2010	2015
LWMP-01-0130	U Khin Maung Nyo	ဦးခင်မောင်ညို	Loikaw Tsp	လွိုင်ကော်မြို့နယ်	Kayah	ကယားပြည်နယ်	USDP	Male	Bamar	Buddhism	15-Sep-52	Art	First Pyithu Hluttaw	2010	2015
LWMP-01-0140	U Kyaw Khaing Win	ဦးကျော်ခိုင်ဝင်း	Mae Sae Tsp	မယ်စဲမြို့နယ်	Kayah	ကယားပြည်နယ်	USDP	Male	Inn	Buddhism	18-Jul-66	Education	First Pyithu Hluttaw	2010	2015
LWMP-01-0250	U Ye Htut Tin	ဦးရဲထွဋ်တင်	Pha Saung Tsp	ဖားဆောင်းမြို့နယ်	Kayah	ကယားပြည်နယ်	USDP	Male	Bamar	Buddhism	13-Nov-76	Business	First Pyithu Hluttaw	2010	2015
LWMP-01-0284	Daw Nann Nun	ဒေါ်နန်းနွံ	Shar Taw Tsp	ရှားတောမြို့နယ်	Kayah	ကယားပြည်နယ်	USDP	Female	Shan	Buddhism	2-Dec-58	Civil Service	First Pyithu Hluttaw	2010	2015
LWMP-01-0048	U Saw Thein Aung	ဦးစောသိန်းအောင်	Hlaing Bwe Tsp	လှိုင်းဘွဲ့မြို့နယ်	Kayin	ကရင်ပြည်နယ်	PDP	Male	Kayin	Buddhism	23-Jul-48	Education	First Pyithu Hluttaw	2010	2015
LWMP-01-0082	U Thu Rein Zaw	ဦးသူရိန်​ဇော်	Kawkareik Tsp	ကော့ကရိတ်မြို့နယ်	Kayin	ကရင်ပြည်နယ်	USDP	Male	Bamar	Buddhism	22-Aug-58	Civil Service	First Pyithu Hluttaw	2010	2015
LWMP-01-0094	U Saw Htut Khaung Lwin	ဦးစောထွဋ်ခေါင်လွင်	Kya In Seik Kyi Tsp	ကြာအင်းဆိပ်ကြီးမြို့နယ်	Kayin	ကရင်ပြည်နယ်	USDP	Male	Kayin	Buddhism	26-Jun-66	Business	First Pyithu Hluttaw	2010	2015
LWMP-01-0199	U Than Oo	ဦးသန်းဦး	Myawady Tsp	မြဝတီမြို့နယ်	Kayin	ကရင်ပြည်နယ်	USDP	Male	Bamar	Buddhism	5-Apr-59	Business	First Pyithu Hluttaw	2010	2015
LWMP-01-0249	U Saing Than Naing	ဦးစိုင်းသန်းနိုင်	Pha Pon Tsp	ဖာပွန်မြို့နယ်	Kayin	ကရင်ပြည်နယ်	USDP	Male	Shan	Buddhism	22-Sep-61	Education	First Pyithu Hluttaw	2010	2015
LWMP-01-0251	Daw Nan Se Oua	ဒေါ်နန်းစေအွာ	Pha-an Tsp	ဘားအံမြို့နယ်	Kayin	ကရင်ပြည်နယ်	PDP	Female	Kayin	Buddhism	10-Jul-59	Education	First Pyithu Hluttaw	2010	2015
LWMP-01-0316	U Saw Nay Kaw Gyi	ဦးစောနေကော်ကြီး	Than Taung Gyi Tsp	သံတောင်ကြီးမြို့နယ်	Kayin	ကရင်ပြည်နယ်	KPP	Male	Kayin	Christianity	13-Aug-48	Agriculture	First Pyithu Hluttaw	2010	2015
LWMP-01-0004	U Ko Ko Tun	ဦးကိုကိုထွန်း	Aung Lan Tsp	အောင်လံမြို့နယ်	Magway	မကွေးတိုင်းဒေသကြီး	USDP	Male	Bamar	Buddhism	28-Nov-70	Business	First Pyithu Hluttaw	2010	2015
LWMP-01-0020	U Thein Lwin	ဦးသိန်းလွင်	Chauk Tsp	ချောက်မြို့နယ်	Magway	မကွေးတိုင်းဒေသကြီး	USDP	Male	Bamar	Buddhism	14-Jan-49	Education	First Pyithu Hluttaw	2010	2015
LWMP-01-0042	U Aung Myint	ဦးအောင်မြင့်	Gant Gaw Tsp	ဂန့်ဂေါမြို့နယ်	Magway	မကွေးတိုင်းဒေသကြီး	USDP	Male	Bamar	Buddhism	10-Jul-60	Business	First Pyithu Hluttaw	2010	2015
LWMP-01-0062	U Khin Maung Htay	ဦးခင်မောင်ဌေး	Hteelin Tsp	ထီးလင်းမြို့နယ်	Magway	မကွေးတိုင်းဒေသကြီး	USDP	Male	Bamar	Buddhism	12-Apr-57	Agriculture	First Pyithu Hluttaw	2010	2015
LWMP-01-0076	U Pike Htwe	ဦးပိုက်ထွေး	Kanma Tsp	ကံမမြို့နယ်	Magway	မကွေးတိုင်းဒေသကြီး	USDP	Male	Bamar	Buddhism	19-Jun-61	Military	First Pyithu Hluttaw	2010	2015
LWMP-01-0141	U Myint Thein	ဦးမြင့်သိန်း	Magway Tsp	မကွေးမြို့နယ်	Magway	မကွေးတိုင်းဒေသကြီး	NLD	Male	Bamar	Buddhism	23-Sep-43	Business	First Pyithu Hluttaw	2012	2015
LWMP-01-0142	U Zaw Min	ဦးဇော်မင်း	Magway Tsp	မကွေးမြို့နယ်	Magway	မကွေးတိုင်းဒေသကြီး	USDP	Male	Bamar	Buddhism	30-Oct-51	Civil Service	First Pyithu Hluttaw	2010	2011
LWMP-01-0160	U Win Tin	ဦးဝင်းတင်	Min Hla Tsp	မင်းလှမြို့နယ်	Magway	မကွေးတိုင်းဒေသကြီး	USDP	Male	Bamar	Buddhism	27-Oct-65	Civil Service	First Pyithu Hluttaw	2010	2015
LWMP-01-0161	U Aye Thu	ဦးအေးသူ	Minbuu (Saku) Tsp	မင်းဘူးမြို့နယ်	Magway	မကွေးတိုင်းဒေသကြီး	USDP	Male	Bamar	Buddhism	29-Jul-56	Civil Service	First Pyithu Hluttaw	2010	2015
LWMP-01-0163	U Soe Naing	ဦးစိုးနိုင်	Mindon Tsp	မင်းတုန်းမြို့နယ်	Magway	မကွေးတိုင်းဒေသကြီး	USDP	Male	Bamar	Buddhism	16-Oct-64	Agriculture	First Pyithu Hluttaw	2010	2015
LWMP-01-0192	U Myint Aung	ဦးမြင့်အောင်	Myaing Tsp	မြိုင်မြို့နယ်	Magway	မကွေးတိုင်းဒေသကြီး	NLD	Male	Bamar	Buddhism	18-May-59	Others	First Pyithu Hluttaw	2012	2015
LWMP-01-0193	U Thein Tun	ဦးသိန်းထွန်း	Myaing Tsp	မြိုင်မြို့နယ်	Magway	မကွေးတိုင်းဒေသကြီး	USDP	Male	Bamar	Buddhism	5-Dec-47	Civil Service	First Pyithu Hluttaw	2010	2011
LWMP-01-0206	U Myint Thu	ဦးမြင့်သူ	Myothit Tsp	မြို့သစ်မြို့နယ်	Magway	မကွေးတိုင်းဒေသကြီး	USDP	Male	Bamar	Buddhism	11-Aug-63	Education	First Pyithu Hluttaw	2010	2015
LWMP-01-0213	U Aung Kyaw Soe	ဦးအောင်ကျော်စိုး	Natmauk Tsp	နတ်မောက်မြို့နယ်	Magway	မကွေးတိုင်းဒေသကြီး	USDP	Male	Bamar	Buddhism	12-Jan-64	Others	First Pyithu Hluttaw	2010	2013
LWMP-01-0218	U Myint Htay	ဦးမြင့်ဌေး	Ngaphe Tsp	ငဖဲမြို့နယ်	Magway	မကွေးတိုင်းဒေသကြီး	USDP	Male	Bamar	Buddhism	10-Nov-58	Others	First Pyithu Hluttaw	2010	2015
LWMP-01-0233	U Paik Ko	ဦးပိုက်ကို	Pakokku Tsp	ပခုက္ကူမြို့နယ်	Magway	မကွေးတိုင်းဒေသကြီး	NLD	Male	Bamar	Buddhism	25-May-55	Others	First Pyithu Hluttaw	2012	2015
LWMP-01-0234	U Saw Hla	ဦးစောလှ	Pakokku Tsp	ပခုက္ကူမြို့နယ်	Magway	မကွေးတိုင်းဒေသကြီး	USDP	Male	Bamar	Buddhism	5-Jun-49	Military	First Pyithu Hluttaw	2010	2011
LWMP-01-0243	U Khin Maung Nyo	ဦးခင်မောင်ညို	Pauk Tsp	ပေါက်မြို့နယ်	Magway	မကွေးတိုင်းဒေသကြီး	USDP	Male	Bamar	Buddhism	9-Apr-69	Law	First Pyithu Hluttaw	2010	2015
LWMP-01-0263	Dr Aung Moe Nyo	ဒေါက်တာအောင်မိုးညို	Pwintphyu Tsp	ပွင့်ဖြူမြို့နယ်	Magway	မကွေးတိုင်းဒေသကြီး	NLD	Male	Bamar	Buddhism	24-Nov-57	Civil Service	First Pyithu Hluttaw	2012	2015
LWMP-01-0264	Dr Maung Maung Htay	ဒေါက်တာမောင်မောင်ဌေး	Pwintphyu Tsp	ပွင့်ဖြူမြို့နယ်	Magway	မကွေးတိုင်းဒေသကြီး	USDP	Male	Bamar	Buddhism	23-May-60	Education	First Pyithu Hluttaw	2010	2011
LWMP-01-0277	U Khin Maung Lwin	ဦးခင်မောင်လွင်	Salinn Tsp	စလင်းမြို့နယ်	Magway	မကွေးတိုင်းဒေသကြီး	USDP	Male	Bamar	Buddhism	10-Mar-68	Others	First Pyithu Hluttaw	2010	2015
LWMP-01-0280	U Htay Maung	ဦးဌေးမောင်	Saw Tsp	ဆောမြို့နယ်	Magway	မကွေးတိုင်းဒေသကြီး	USDP	Male	Bamar	Buddhism	22-Jan-61	Education	First Pyithu Hluttaw	2010	2015
LWMP-01-0281	U Than Tun	ဦးသန်းထွန်း	Saytoktaya Tsp	စေတုတ္တရာမြို့နယ်	Magway	မကွေးတိုင်းဒေသကြီး	USDP	Male	Bamar	Buddhism	29-Jun-49	Education	First Pyithu Hluttaw	2010	2015
LWMP-01-0282	U Shein Kyaw Win	ဦးရှိန်းကျော်ဝင်း	Seik Pyhu Tsp	ဆိပ်ဖြူမြို့နယ်	Magway	မကွေးတိုင်းဒေသကြီး	NUP	Male	Bamar	Buddhism	1-Mar-39	Education	First Pyithu Hluttaw	2010	2015
LWMP-01-0290	U Aye Naing	ဦးအေးနိုင်	Sinbaungwe Tsp	ဆင်ပေါင်ဝဲမြို့နယ်	Magway	မကွေးတိုင်းဒေသကြီး	USDP	Male	Bamar	Buddhism	4-Apr-66	Civil Service	First Pyithu Hluttaw	2010	2015
LWMP-01-0309	U Than Win	ဦးသန်းဝင်း	Taungdwingyi Tsp	တောင်တွင်းကြီးမြို့နယ်	Magway	မကွေးတိုင်းဒေသကြီး	USDP	Male	Bamar	Buddhism	18-Oct-75	Business	First Pyithu Hluttaw	2010	2015
LWMP-01-0327	U Win Kyaw	ဦးဝင်းကျော်	Thayet Tsp	သရက်မြို့နယ်	Magway	မကွေးတိုင်းဒေသကြီး	USDP	Male	Bamar	Buddhism	27-Jul-55	Civil Service	First Pyithu Hluttaw	2010	2015
LWMP-01-0351	Daw Win Maw Tun	ဒေါ်ဝင်းမော်ထွန်း	Yenanchaung Tsp	ရေနံချောင်းမြို့နယ်	Magway	မကွေးတိုင်းဒေသကြီး	USDP	Female	Bamar	Buddhism	23-Jul-58	Industry	First Pyithu Hluttaw	2010	2015
LWMP-01-0353	U Toe Shwe	ဦးတိုးရွှေ	Yesagyo Tsp	ရေစကြိုမြို့နယ်	Magway	မကွေးတိုင်းဒေသကြီး	NLD	Male	Bamar	Buddhism	4-Mar-51	Medicines	First Pyithu Hluttaw	2012	2015
LWMP-01-0354	U Soe Maung	ဦးစိုးမောင်	Yesagyo Tsp	ရေစကြိုမြို့နယ်	Magway	မကွေးတိုင်းဒေသကြီး	USDP	Male	Bamar	Buddhism	20-Dec-52	Military	First Pyithu Hluttaw	2010	2011
LWMP-01-0001	U Thein Tun Oo	ဦးသိန်းထွန်းဦး	Ah Mara Pura Tsp	အမရပူရမြို့နယ်	Mandalay	မန္တလေးတိုင်းဒေသကြီး	USDP	Male	Bamar	Buddhism	16-Aug-66	Business	First Pyithu Hluttaw	2010	2015
LWMP-01-0005	U Ko Gyi	ဦးကိုကြီး	Aung Myay Thar Zan Tsp	အောင်မြေသာစံမြို့နယ်	Mandalay	မန္တလေးတိုင်းဒေသကြီး	USDP	Male	Bamar	Buddhism	11-Dec-46	Agriculture	First Pyithu Hluttaw	2010	2015
LWMP-01-0018	Dr. Kyaw Myint	ဒေါက်တာကျော်မြင့်	Chanaye Tharsan Tsp	ချမ်းအေးသာစံမြို့နယ်	Mandalay	မန္တလေးတိုင်းဒေသကြီး	USDP	Male	Bamar	Buddhism	22-Jan-40	Civil Service	First Pyithu Hluttaw	2010	2015
LWMP-01-0019	U Tin Maung	ဦးတင်မောင်	Chanmyatharsi Tsp	ချမ်းမြသာစည်မြို့နယ်	Mandalay	မန္တလေးတိုင်းဒေသကြီး	USDP	Male	Bamar	Buddhism	5-Jan-44	Education	First Pyithu Hluttaw	2010	2015
LWMP-01-0038	U Naing Ngan Lin	ဦးနိုင်ငံလင်း	Deginathiri Tsp	ဒက္ခိဏသီရိမြို့နယ်	Mandalay	မန္တလေးတိုင်းဒေသကြီး	NLD	Male	Bamar	Buddhism	1-Sep-77	Education	First Pyithu Hluttaw	2012	2015
LWMP-01-0039	U Myint Hlaing	ဦးမြင့်လှိုင်	Deginathiri Tsp	ဒက္ခိဏသီရိမြို့နယ်	Mandalay	မန္တလေးတိုင်းဒေသကြီး	USDP	Male	Bamar	Buddhism	13-Aug-53	Military	First Pyithu Hluttaw	2010	2011
LWMP-01-0100	U Thaung	ဦးသောင်း	Kyauk Sae Tsp	ကျောက်ဆည်မြို့နယ်	Mandalay	မန္တလေးတိုင်းဒေသကြီး	USDP	Male	Bamar	Buddhism	6-Jul-37	Civil Service	First Pyithu Hluttaw	2010	2015
LWMP-01-0105	Dr Zaw Myint Maung	​ဒေါက်တာဇော်မြင့်မောင်	Kyaukpadaung Tsp	ကျောက်ပန်းတောင်းမြို့နယ်	Mandalay	မန္တလေးတိုင်းဒေသကြီး	NLD	Male	Bamar	Buddhism	11-Dec-51	Medicines	First Pyithu Hluttaw	2012	2015
LWMP-01-0106	U Hla Tun	ဦးလှထွန်း	Kyaukpadaung Tsp	ကျောက်ပန်းတောင်းမြို့နယ်	Mandalay	မန္တလေးတိုင်းဒေသကြီး	USDP	Male	Bamar	Buddhism	11-Jul-51	Civil Service	First Pyithu Hluttaw	2010	2011
LWMP-01-0128	U Htay Win	ဦးဌေးဝင်း	Leway Tsp	လယ်ဝေးမြို့နယ်	Mandalay	မန္တလေးတိုင်းဒေသကြီး	USDP	Male	Bamar	Buddhism	16-Feb-60	Business	First Pyithu Hluttaw	2010	2015
LWMP-01-0135	U Pyay Maung	ဦးပြည့်မောင်	Ma Da Yar Tsp	မတ္တရာမြို့နယ်	Mandalay	မန္တလေးတိုင်းဒေသကြီး	USDP	Male	Bamar	Buddhism	15-Jan-46	Military	First Pyithu Hluttaw	2010	2015
LWMP-01-0143	U Ohn Kyaing	ဦးအုန်းကြိုင်	Maha Aung Myay	မဟာအောင်မြေမြို့နယ်	Mandalay	မန္တလေးတိုင်းဒေသကြီး	NLD	Male	Bamar	Buddhism	16-Jul-44	Media	First Pyithu Hluttaw	2012	2015
LWMP-01-0144	Dr Mya Aye	ဒေါက်တာမြအေး	Maha Aung Myay	မဟာအောင်မြေမြို့နယ်	Mandalay	မန္တလေးတိုင်းဒေသကြီး	USDP	Male	Bamar	Buddhism	8-Feb-51	Education	First Pyithu Hluttaw	2010	2011
LWMP-01-0145	U Aye Mauk	ဦးအေးမောက်	Mahlaing Tsp	မလှိုင်မြို့နယ်	Mandalay	မန္တလေးတိုင်းဒေသကြီး	USDP	Male	Bamar	Buddhism	6-Apr-48	Civil Service	First Pyithu Hluttaw	2010	2015
LWMP-01-0158	U Win Htein	ဦးဝင်းထိန်	Meiktila Tsp	မိတ္ထီလာမြို့နယ်	Mandalay	မန္တလေးတိုင်းဒေသကြီး	NLD	Male	Bamar	Buddhism	24-Dec-41	Military	First Pyithu Hluttaw	2012	2015
LWMP-01-0159	U Thein Aung	ဦးသိန်းအောင်	Meiktila Tsp	မိတ္ထီလာမြို့နယ်	Mandalay	မန္တလေးတိုင်းဒေသကြီး	USDP	Male	Bamar	Buddhism	6-Feb-42	Civil Service	First Pyithu Hluttaw	2010	2011
LWMP-01-0183	U Ba Htay	ဦးဘဌေး	Moe Goke Tsp	မိုးကုတ်မြို့နယ်	Mandalay	မန္တလေးတိုင်းဒေသကြီး	USDP	Male	Palaung	Buddhism	2-Nov-46	Business	First Pyithu Hluttaw	2010	2015
LWMP-01-0202	U Win Myint	ဦးဝင်းမြင့်	Myingyan Tsp	မြင်းခြံမြို့နယ်	Mandalay	မန္တလေးတိုင်းဒေသကြီး	USDP	Male	Bamar	Buddhism	4-May-54	Business	First Pyithu Hluttaw	2010	2015
LWMP-01-0204	U Kyi Maung	ဦးကြည်မောင်	Myit Thar Tsp	မြစ်သားမြို့နယ်	Mandalay	မန္တလေးတိုင်းဒေသကြီး	USDP	Male	Bamar	Buddhism	11-Feb-42	Agriculture	First Pyithu Hluttaw	2010	2015
LWMP-01-0207	U Paw Khin	ဦးပေါခင်	Nahtogyi Tsp	နွားထိုးကြီးမြို့နယ်	Mandalay	မန္တလေးတိုင်းဒေသကြီး	NLD	Male	Bamar	Buddhism	11-Jan-47	Others	First Pyithu Hluttaw	2012	2015
LWMP-01-0208	U Nyan Tun Aung	ဦးဉာဏ်ထွန်းအောင်	Nahtogyi Tsp	နွားထိုးကြီးမြို့နယ်	Mandalay	မန္တလေးတိုင်းဒေသကြီး	USDP	Male	Bamar	Buddhism	8-Jun-48	Civil Service	First Pyithu Hluttaw	2010	2011
LWMP-01-0217	Dr Mya Oo	ဒေါက်တာမြဦး	Ngan Zun Tsp	ငါန်းဇွန်မြို့နယ်	Mandalay	မန္တလေးတိုင်းဒေသကြီး	USDP	Male	Bamar	Buddhism	28-Feb-48	Civil Service	First Pyithu Hluttaw	2010	2015
LWMP-01-0222	U Aung Kyaing	ဦးအောင်ကြိုင်	Nyaung Oo Tsp	ညောင်ဦးမြို့နယ်	Mandalay	မန္တလေးတိုင်းဒေသကြီး	USDP	Male	Bamar	Buddhism	22-Jan-45	Civil Service	First Pyithu Hluttaw	2010	2015
LWMP-01-0228	U Min Thu	ဦးမင်းသူ	Ottara Thiri Tsp	ဥတ္တရသီရိမြို့နယ်	Mandalay	မန္တလေးတိုင်းဒေသကြီး	NLD	Male	Shan	Buddhism	10-Aug-61	Business	First Pyithu Hluttaw	2012	2015
LWMP-01-0229	U Kyaw Swa Khaing	ဦးကျော်စွာခိုင်	Ottara Thiri Tsp	ဥတ္တရသီရိမြို့နယ်	Mandalay	မန္တလေးတိုင်းဒေသကြီး	USDP	Male	Bamar	Buddhism	28-Feb-48	Civil Service	First Pyithu Hluttaw	2010	2011
LWMP-01-0230	U Aung Thant	ဦးအောင်သန့်	Pa Thein Gyi Tsp	ပုသိမ်ကြီးမြို့နယ်	Mandalay	မန္တလေးတိုင်းဒေသကြီး	USDP	Male	Bamar	Buddhism	18-Dec-46	Agriculture	First Pyithu Hluttaw	2010	2015
LWMP-01-0258	U Pyo Zeyar Thaw	ဦးဖြိုးဇေယျာသော်	Poba Thiri Tsp	ပုဗ္ဗသီရိမြို့နယ်	Mandalay	မန္တလေးတိုင်းဒေသကြီး	NLD	Male	Bamar	Buddhism	26-Mar-81	Art	First Pyithu Hluttaw	2012	2015
LWMP-01-0259	Thiha Thura U Tin Aung Myint Oo	သီဟသူရဦးတင်အောင်မြင့်ဦး	Poba Thiri Tsp	ပုဗ္ဗသီရိမြို့နယ်	Mandalay	မန္တလေးတိုင်းဒေသကြီး	USDP	Male	Bamar	Buddhism	11-Jun-50	Military	First Pyithu Hluttaw	2010	2011
LWMP-01-0266	U Myint Soe	ဦးမြင့်စိုး	Pyawbwe Tsp	ပျော်ဘွယ်မြို့နယ်	Mandalay	မန္တလေးတိုင်းဒေသကြီး	USDP	Male	Bamar	Buddhism	5-Jun-56	Business	First Pyithu Hluttaw	2010	2015
LWMP-01-0268	U Maung Ko	ဦးမောင်ကို	Pyi Gyi Ta Gun Tsp	ပြည်ကြီးတံခွန်မြို့နယ်	Mandalay	မန္တလေးတိုင်းဒေသကြီး	USDP	Male	Bamar	Buddhism	17-Jun-50	Business	First Pyithu Hluttaw	2010	2015
LWMP-01-0269	U Kyaw Thiha	ဦးကျော်သီဟ	Pyin Oo Lwin Tsp	ပြင်ဦးလွင်မြို့နယ်	Mandalay	မန္တလေးတိုင်းဒေသကြီး	NLD	Male	Bamar	Buddhism	23-Mar-59	Others	First Pyithu Hluttaw	2012	2015
LWMP-01-0270	Dr Myint Aung	ဒေါက်တာမြင့်အောင်	Pyin Oo Lwin Tsp	ပြင်ဦးလွင်မြို့နယ်	Mandalay	မန္တလေးတိုင်းဒေသကြီး	USDP	Male	Bamar	Buddhism	13-Jan-46	Military	First Pyithu Hluttaw	2010	2011
LWMP-01-0271	U Hla Myint Oo	ဦးလှမြင့်ဦး	Pyinmana Tsp	ပျဉ်းမနားမြို့နယ်	Mandalay	မန္တလေးတိုင်းဒေသကြီး	USDP	Male	Bamar	Buddhism	28-Feb-42	Military	First Pyithu Hluttaw	2010	2015
LWMP-01-0291	U Ang San	ဦးအောင်ဆန်း	Sint Gu Tsp	စဉ့်ကူးမြို့နယ်	Mandalay	မန္တလေးတိုင်းဒေသကြီး	USDP	Male	Bamar	Buddhism	1-Mar-46	Civil Service	First Pyithu Hluttaw	2010	2015
LWMP-01-0292	U Kyi Pyone	ဦးကြည်ပြုံး	Sint Kine Tsp	စဉ့်ကိုင်မြို့နယ်	Mandalay	မန္တလေးတိုင်းဒေသကြီး	USDP	Male	Bamar	Buddhism	14-Aug-48	Agriculture	First Pyithu Hluttaw	2010	2015
LWMP-01-0300	Daw Khin Thandar	ဒေါ်ခင်သန္တာ	Tadaoo Tsp	တံတားဦးမြို့နယ်	Mandalay	မန္တလေးတိုင်းဒေသကြီး	NLD	Female	Bamar	Buddhism	30-May-77	Law	First Pyithu Hluttaw	2012	2015
LWMP-01-0301	U Tin Aye	ဦးတင်အေး	Tadaoo Tsp	တံတားဦးမြို့နယ်	Mandalay	မန္တလေးတိုင်းဒေသကြီး	USDP	Male	Bamar	Buddhism	20-Oct-45	Military	First Pyithu Hluttaw	2010	2011
LWMP-01-0308	U Maung Oo	ဦးမောင်ဦး	Tat Kone Tsp	တပ်ကုန်းမြို့နယ်	Mandalay	မန္တလေးတိုင်းဒေသကြီး	USDP	Male	Bamar	Buddhism	16-Jun-50	Military	First Pyithu Hluttaw	2010	2015
LWMP-01-0314	U Khin Maung Nyut	ဦးခင်မောင်ညွှန့်	Thabeikkyin Tsp	သပိတ်ကျင်းမြို့နယ်	Mandalay	မန္တလေးတိုင်းဒေသကြီး	USDP	Male	Bamar	Buddhism	11-Jan-50	Civil Service	First Pyithu Hluttaw	2010	2015
LWMP-01-0325	U Than Soe	ဦးသန်းစိုး	Tharzi Tsp	သာစည်မြို့နယ်	Mandalay	မန္တလေးတိုင်းဒေသကြီး	USDP	Male	Bamar	Buddhism	13-Apr-56	Agriculture	First Pyithu Hluttaw	2010	2015
LWMP-01-0326	U Aung Thaung	ဦးအောင်သောင်း	Thaung Thar Tsp	တောင်သာမြို့နယ်	Mandalay	မန္တလေးတိုင်းဒေသကြီး	USDP	Male	Bamar	Buddhism	1-Dec-40	Military	First Pyithu Hluttaw	2010	2015
LWMP-01-0343	U Than Myint	ဦးသန်းမြင့်	Wundwin Tsp	ဝမ်းတွင်းမြို့နယ်	Mandalay	မန္တလေးတိုင်းဒေသကြီး	USDP	Male	Bamar	Buddhism	7-Jul-56	Business	First Pyithu Hluttaw	2010	2015
LWMP-01-0346	U Bo Ni	ဦးဘိုနီ	Yamethin Tsp	ရမည်းသင်းမြို့နယ်	Mandalay	မန္တလေးတိုင်းဒေသကြီး	USDP	Male	Bamar	Buddhism	9-Sep-51	Business	First Pyithu Hluttaw	2010	2015
LWMP-01-0358	Daw Sandar Min	ဒေါ်စန္ဒာမင်း	Zabuthiri Tsp	ဇမ္ဗူသီရိမြို့နယ်	Mandalay	မန္တလေးတိုင်းဒေသကြီး	NLD	Female	Bamar	Buddhism	5-Nov-68	Business	First Pyithu Hluttaw	2012	2015
LWMP-01-0359	U Thein Sein	ဦးသိန်းစိန်	Zabuthiri Tsp	ဇမ္ဗူသီရိမြို့နယ်	Mandalay	မန္တလေးတိုင်းဒေသကြီး	USDP	Male	Bamar	Buddhism	20-Apr-45	Civil Service	First Pyithu Hluttaw	2010	2011
LWMP-01-0362	Thura U Shwe Mann	သူရဦးရွှေမန်း	Zeyar Thiri Tsp	ဇေယျာသီရိမြို့နယ်	Mandalay	မန္တလေးတိုင်းဒေသကြီး	USDP	Male	Bamar	Buddhism	11-Jul-47	Military	First Pyithu Hluttaw	2010	2015
LWMP-01-0012	Dr. Soe Moe Aung	ဒေါက်တာစိုးမိုးအောင်	Beelin Tsp	ဘီးလင်းမြို့နယ်	Mon	မွန်ပြည်နယ်	USDP	Male	Bamar	Buddhism	13-Jul-65	Civil Service	First Pyithu Hluttaw	2010	2015
LWMP-01-0022	U Hla Maung	ဦးလှမောင်	Chaungzon Tsp	ချောင်းဆုံမြို့နယ်	Mon	မွန်ပြည်နယ်	MDP	Male	Mon	Buddhism	9-Oct-40	Civil Service	First Pyithu Hluttaw	2010	2015
LWMP-01-0096	U Myint Lwin	ဦးမြင့်လွင်	Kyaikhto Tsp	ကျိုက်ထိုမြို့နယ်	Mon	မွန်ပြည်နယ်	USDP	Male	Bamar	Buddhism	28-Dec-42	Business	First Pyithu Hluttaw	2010	2015
LWMP-01-0097	Daw Mi Yin Chan	ဒေါ်မိယဉ်ချမ်း	Kyaikmayaw Tsp	ကျိုက်မရောမြို့နယ်	Mon	မွန်ပြည်နယ်	USDP	Male	Mon	Buddhism	1-Oct-80	Others	First Pyithu Hluttaw	2010	2015
LWMP-01-0154	Daw Khin Htay Kywe	ဒေါ်ခင်ဌေးကြွယ်	Mawlamyine Tsp	မော်လမြိုင်မြို့နယ်	Mon	မွန်ပြည်နယ်	NLD	Female	Mon	Buddhism	10-Nov-46	Law	First Pyithu Hluttaw	2012	2015
LWMP-01-0155	U Aye Myint	ဦးအေးမြင့်	Mawlamyine Tsp	မော်လမြိုင်မြို့နယ်	Mon	မွန်ပြည်နယ်	USDP	Male	Bamar	Buddhism	7-Nov-48	Military	First Pyithu Hluttaw	2010	2011
LWMP-01-0190	U Mya Thein	ဦးမြသိန်း	Mudon Tsp	မုဒုံမြို့နယ်	Mon	မွန်ပြည်နယ်	USDP	Male	Mon	Buddhism	9-Apr-47	Education	First Pyithu Hluttaw	2010	2015
LWMP-01-0245	U Khin Maung Myint	ဦးခင်မောင်မြင့်	Paung Tsp	ပေါင်မြို့နယ်	Mon	မွန်ပြည်နယ်	NUP	Male	Bamar	Buddhism	8-Jul-49	Civil Service	First Pyithu Hluttaw	2010	2015
LWMP-01-0315	U Saw Ba Thein	ဦးစောဘသိန်း	Tha-htone Tsp	သထုံမြို့နယ်	Mon	မွန်ပြည်နယ်	USDP	Male	Kayin	Buddhism	29-May-48	Civil Service	First Pyithu Hluttaw	2010	2015
LWMP-01-0319	U Thein Aung	ဦးသိန်းအောင်	Thanbyuzayat Tsp	သံဖြူဇရပ်မြို့နယ်	Mon	မွန်ပြည်နယ်	MDP	Male	Mon	Buddhism	14-Nov-55	Business	First Pyithu Hluttaw	2010	2015
LWMP-01-0350	Daw Mi Myint Than	ဒေါ်မိမြင့်သန်း	Ye Tsp	ရေးမြို့နယ်	Mon	မွန်ပြည်နယ်	MDP	Female	Mon	Buddhism	27-Dec-73	Civil Service	First Pyithu Hluttaw	2010	2015
LWMP-01-0003	U Thein Swe	ဦးသိန်းဆွေ	Ann Tsp	အမ်းမြို့နယ်	Rakhine	ရခိုင်ပြည်နယ်	USDP	Male	Bamar	Buddhism	4-Aug-49	Civil Service	First Pyithu Hluttaw	2010	2015
LWMP-01-0017	U Shwe Maung	ဦးရွှေမောင်	Buthee Taung Tsp	ဘူးသီးတောင်မြို့နယ်	Rakhine	ရခိုင်ပြည်နယ်	USDP	Male	Bamar	Islamism	30-Jun-65	Business	First Pyithu Hluttaw	2010	2015
LWMP-01-0043	U Kyi Thar	ဦးကြည်သာ	Gwa Tsp	ဂွမြို့နယ်	Rakhine	ရခိုင်ပြည်နယ်	USDP	Male	Rakhine	Buddhism	19-May-50	Civil Service	First Pyithu Hluttaw	2010	2015
LWMP-01-0102	U Thar Sein	ဦးသာစိန်	Kyauk Taw Tsp	ကျောက်တော်မြို့နယ်	Rakhine	ရခိုင်ပြည်နယ်	RNDP	Male	Rakhine	Buddhism	6-Mar-37	Military	First Pyithu Hluttaw	2010	2015
LWMP-01-0107	U Ba Shein	ဦးဘရှိန်	Kyaukphyu Tsp	ကျောက်ဖြူမြို့နယ်	Rakhine	ရခိုင်ပြည်နယ်	RNDP	Male	Rakhine	Buddhism	22-Aug-46	Law	First Pyithu Hluttaw	2010	2015
LWMP-01-0146	U Aung Sein	ဦးအောင်စိန်	Man Aung Tsp	မာန်အောင်မြို့နယ်	Rakhine	ရခိုင်ပြည်နယ်	USDP	Male	Rakhine	Buddhism	21-Sep-43	Military	First Pyithu Hluttaw	2010	2015
LWMP-01-0151	U Aung Zaw Win	ဦးအောင်ဇော်ဝင်း	Maungdaw Tsp	မောင်တောမြို့နယ်	Rakhine	ရခိုင်ပြည်နယ်	USDP	Male	Bamar	Islamism	25-May-64	Business	First Pyithu Hluttaw	2010	2015
LWMP-01-0162	U Aung Sein Tha	ဦးအောင်စိန်သာ	Minbya Tsp	မင်းပြားမြို့နယ်	Rakhine	ရခိုင်ပြည်နယ်	RNDP	Male	Rakhine	Buddhism	20-Apr-37	Civil Service	First Pyithu Hluttaw	2010	2012
LWMP-01-0189	U Aung Tun Tha	ဦးအောင်ထွန်းသာ	Mrauk Oo Tsp	မြောက်ဦးမြို့နယ်	Rakhine	ရခိုင်ပြည်နယ်	RNDP	Male	Rakhine	Buddhism	17-Aug-47	Civil Service	First Pyithu Hluttaw	2010	2015
LWMP-01-0200	U Pe Than	ဦးဖေသန်း	Myebon Tsp	မြေပုံမြို့နယ်	Rakhine	ရခိုင်ပြည်နယ်	RNDP	Male	Rakhine	Buddhism	19-May-54	Business	First Pyithu Hluttaw	2010	2015
LWMP-01-0244	U Htoon Aung Khine	ဦးထွန်းအောင်ခိုင်	Pauktaw Tsp	ပေါက်တောမြို့နယ်	Rakhine	ရခိုင်ပြည်နယ်	RNDP	Male	Rakhine	Buddhism	2-Dec-47	Civil Service	First Pyithu Hluttaw	2010	2015
LWMP-01-0260	U Tun Aung Kyaw	ဦးထွန်းအောင်ကျော်	Ponnagyun Tsp	ပုဏ္ဏားကျွန်းမြို့နယ်	Rakhine	ရခိုင်ပြည်နယ်	RNDP	Male	Rakhine	Buddhism	11-Nov-51	Others	First Pyithu Hluttaw	2010	2015
LWMP-01-0272	U Ba Htee	ဦးဘဌေး	Rambyee Tsp	ရမ်းဗြဲမြို့နယ်	Rakhine	ရခိုင်ပြည်နယ်	USDP	Male	Rakhine	Buddhism	27-Jul-42	Civil Service	First Pyithu Hluttaw	2010	2015
LWMP-01-0273	Daw Khin Saw Wai	ဒေါ်ခင်စောဝေ	Rathay Taung Tsp	ရသေ့တောင်မြို့နယ်	Rakhine	ရခိုင်ပြည်နယ်	RNDP	Male	Rakhine	Buddhism	11-Jun-59	Business	First Pyithu Hluttaw	2010	2015
LWMP-01-0294	U Maung Nyo	ဦးမောင်ညို	Sittwe Tsp	စစ်တွေမြို့နယ်	Rakhine	ရခိုင်ပြည်နယ်	RNDP	Male	Rakhine	Buddhism	9-Oct-32	Education	First Pyithu Hluttaw	2010	2015
LWMP-01-0310	Dr. San Hlaing	ဒေါက်တာဆန်းလှိုင်	Taunggoup Tsp	တောင်ကုတ်မြို့နယ်	Rakhine	ရခိုင်ပြည်နယ်	USDP	Male	Rakhine	Buddhism	31-Mar-49	Medicines	First Pyithu Hluttaw	2010	2015
LWMP-01-0320	U Ye Htoon	ဦးရဲထွန်း	Thandway Tsp	သံတွဲမြို့နယ်	Rakhine	ရခိုင်ပြည်နယ်	USDP	Male	Rakhine	Buddhism	2-Aug-50	Engineering	First Pyithu Hluttaw	2010	2015
LWMP-01-0006	U Kyaw Myint	ဦးကျော်မြင့်	Ayadaw Tsp	အရာတော်မြို့နယ်	Sagaing	စစ်ကိုင်းတိုင်းဒေသကြီး	USDP	Male	Bamar	Buddhism	5-Jul-66	Education	First Pyithu Hluttaw	2010	2015
LWMP-01-0011	U Kyaw Than	ဦကျော်သန်း	Ban Mauk Tsp	ဗန်းမောက်မြို့နယ်	Sagaing	စစ်ကိုင်းတိုင်းဒေသကြီး	USDP	Male	Bamar	Buddhism	2-Jul-57	Civil Service	First Pyithu Hluttaw	2010	2015
LWMP-01-0016	U Than Nwe	ဦးသန်းနွယ်	Budalin Tsp	ဘုတလင်မြို့နယ်	Sagaing	စစ်ကိုင်းတိုင်းဒေသကြီး	USDP	Male	Bamar	Buddhism	11-Nov-49	Education	First Pyithu Hluttaw	2010	2015
LWMP-01-0021	U Saw Hla Htun	ဦးစောလှထွန်း	Chaung Oo Tsp	ချောင်းဦးမြို့နယ်	Sagaing	စစ်ကိုင်းတိုင်းဒေသကြီး	USDP	Male	Bamar	Buddhism	17-Jan-61	Business	First Pyithu Hluttaw	2010	2015
LWMP-01-0037	U Than Tun	ဦးသန်းထွန်း	De Pae Yinn Tsp	ဒီပဲယင်းမြို့နယ်	Sagaing	စစ်ကိုင်းတိုင်းဒေသကြီး	USDP	Male	Bamar	Buddhism	20-Nov-59	Agriculture	First Pyithu Hluttaw	2010	2015
LWMP-01-0046	Daw Khin Hmwe Lwin	ဒေါ်ခင်မွှေးလွင်	Minkin Tsp	မင်းကင်းမြို့နယ်	Sagaing	စစ်ကိုင်းတိုင်းဒေသကြီး	NLD	Female	Bamar	Buddhism	10-May-57	Education	First Pyithu Hluttaw	2012	2015
LWMP-01-0054	U Aye	ဦးအေး	Home Linn Tsp	ဟုမ္မလင်းမြို့နယ်	Sagaing	စစ်ကိုင်းတိုင်းဒေသကြီး	USDP	Male	Shan	Buddhism	14-Feb-45	Education	First Pyithu Hluttaw	2010	2015
LWMP-01-0063	U Soe Soe	ဦးစိုးစိုး	Htigaing Tsp	ထီးချိုင့်မြို့နယ်	Sagaing	စစ်ကိုင်းတိုင်းဒေသကြီး	USDP	Male	Bamar	Buddhism	13-Nov-56	Civil Service	First Pyithu Hluttaw	2010	2015
LWMP-01-0066	U Kyaw Naing Htay	ဦးကျော်နိုင်ဌေး	Inndaw Tsp	အင်းတော်မြို့နယ်	Sagaing	စစ်ကိုင်းတိုင်းဒေသကြီး	USDP	Male	Bamar-Chinese	Buddhism	23-Nov-65	Civil Service	First Pyithu Hluttaw	2010	2015
LWMP-01-0068	U Soe Thein	ဦးစိုးသိန်း	Ka Lay Wa Tsp	ကလေးဝမြို့နယ်	Sagaing	စစ်ကိုင်းတိုင်းဒေသကြီး	NUP	Male	Bamar	Buddhism	14-Oct-47	Civil Service	First Pyithu Hluttaw	2010	2015
LWMP-01-0071	U Tin Hlaing	ဦးတင်လှိုင်	Kalay Tsp	ကလေးမြို့နယ်	Sagaing	စစ်ကိုင်းတိုင်းဒေသကြီး	USDP	Male	Bamar	Buddhism	1-Nov-47	Business	First Pyithu Hluttaw	2010	2015
LWMP-01-0075	U Kyan Tun	ဦးကျန်ထွန်း	Kani Tsp	ကနီမြို့နယ်	Sagaing	စစ်ကိုင်းတိုင်းဒေသကြီး	USDP	Male	Bamar	Buddhism	1-Feb-53	Civil Service	First Pyithu Hluttaw	2010	2015
LWMP-01-0077	Dr Chann Nyein	ဒေါက်တာချမ်းငြိမ်း	Kant Balu Tsp	ကန့်ဘလူမြို့နယ်	Sagaing	စစ်ကိုင်းတိုင်းဒေသကြီး	USDP	Male	Bamar	Buddhism	15-Dec-44	Civil Service	First Pyithu Hluttaw	2010	2015
LWMP-01-0078	U Moe Zaw Hein	ဦးမိုးဇော်ဟိန်း	Katha Tsp	ကသာမြို့နယ်	Sagaing	စစ်ကိုင်းတိုင်းဒေသကြီး	USDP	Male	Bamar	Buddhism	17-Apr-66	Education	First Pyithu Hluttaw	2010	2015
LWMP-01-0083	U Tin Win	ဦးတင်ဝင်း	Kawlin Tsp	ကောလင်းမြို့နယ်	Sagaing	စစ်ကိုင်းတိုင်းဒေသကြီး	USDP	Male	Bamar	Buddhism	24-Jan-53	Civil Service	First Pyithu Hluttaw	2010	2015
LWMP-01-0085	U Hla Tun	ဦးလှထွန်း	Kham Tee Tsp	ခန္တီးမြို့နယ်	Sagaing	စစ်ကိုင်းတိုင်းဒေသကြီး	USDP	Male	Nar Ga	Buddhism	10-Feb-50	Civil Service	First Pyithu Hluttaw	2010	2015
LWMP-01-0088	U Khin Maung Shwe	ဦးခင်မောင်ရွှေ	Khin Oo Tsp	ခင်ဦးမြို့နယ်	Sagaing	စစ်ကိုင်းတိုင်းဒေသကြီး	USDP	Male	Bamar	Buddhism	12-Dec-50	Business	First Pyithu Hluttaw	2010	2015
LWMP-01-0114	U Kyaw Nyunt	ဦးကျော်ညွှန့်	Kyun Hla Tsp	ကျွန်းလှမြို့နယ်	Sagaing	စစ်ကိုင်းတိုင်းဒေသကြီး	USDP	Male	Bamar	Buddhism	7-Nov-59	Education	First Pyithu Hluttaw	2010	2015
LWMP-01-0117	U Sarr Mu	ဦးဆာမူး	La Hae Tsp	လဟယ်မြို့နယ်	Sagaing	စစ်ကိုင်းတိုင်းဒေသကြီး	USDP	Male	Nar Ga	Buddhism	1-Jul-60	Civil Service	First Pyithu Hluttaw	2010	2015
LWMP-01-0124	U She Thee	ဦးရှီသီး	Lay Shee Tsp	လေရှီးမြို့နယ်	Sagaing	စစ်ကိုင်းတိုင်းဒေသကြီး	USDP	Male	Nar Ga	Buddhism	15-Oct-60	Civil Service	First Pyithu Hluttaw	2010	2015
LWMP-01-0152	U Thaung	ဦးသောင်း	Maw Like Tsp	မော်လိုက်မြို့နယ်	Sagaing	စစ်ကိုင်းတိုင်းဒေသကြီး	NUP	Male	Bamar	Buddhism	22-Apr-43	Law	First Pyithu Hluttaw	2010	2015
LWMP-01-0177	U Maung Myint	ဦးမောင်မြင့်	Minkin Tsp	မင်းကင်းမြို့နယ်	Sagaing	စစ်ကိုင်းတိုင်းဒေသကြီး	USDP	Male	Bamar	Buddhism	21-May-58	Civil Service	First Pyithu Hluttaw	2010	2011
LWMP-01-0186	U Khin Maung Oo	ဦးခင်မောင်ဦး	Mone Ywa Tsp	မုံရွာမြို့နယ်	Sagaing	စစ်ကိုင်းတိုင်းဒေသကြီး	USDP	Male	Bamar	Buddhism	22-Jan-45	Business	First Pyithu Hluttaw	2010	2015
LWMP-01-0198	U Ohn Ngwe	ဦးအုန်းငွေ	Myaung Tsp	မြောင်မြို့နယ်	Sagaing	စစ်ကိုင်းတိုင်းဒေသကြီး	USDP	Male	Bamar	Buddhism	15-Feb-52	Civil Service	First Pyithu Hluttaw	2010	2015
LWMP-01-0203	U Zaw Win Aung	ဦးဇော်ဝင်းအောင်	Myinn Mu Tsp	မြင်းမူမြို့နယ်	Sagaing	စစ်ကိုင်းတိုင်းဒေသကြီး	USDP	Male	Bamar	Buddhism	12-Aug-58	Others	First Pyithu Hluttaw	2010	2015
LWMP-01-0221	U Zinn Wan	ဦးဇင်းဝမ်	Nunn Ywann Tsp	နန်းယွန်းမြို့နယ်	Sagaing	စစ်ကိုင်းတိုင်းဒေသကြီး	USDP	Male	Nar Ga	Buddhism	9-Jun-61	Civil Service	First Pyithu Hluttaw	2010	2015
LWMP-01-0236	Daw Khin San Hlaing	ဒေါ်ခင်စန်းလှိုင်	Pale Tsp	ပုလဲမြို့နယ်	Sagaing	စစ်ကိုင်းတိုင်းဒေသကြီး	NLD	Female	Bamar	Buddhism	16-Oct-56	Business	First Pyithu Hluttaw	2012	2015
LWMP-01-0237	U Kyaw Hsan	ဦးကျော်ဆန်း	Pale Tsp	ပုလဲမြို့နယ်	Sagaing	စစ်ကိုင်းတိုင်းဒေသကြီး	USDP	Male	Bamar	Buddhism	20-May-48	Civil Service	First Pyithu Hluttaw	2010	2011
LWMP-01-0252	U Maung Oo	ဦးမောင်ဦး	Phaung Pyin Tsp	ဖောင်းပြင်မြို့နယ်	Sagaing	စစ်ကိုင်းတိုင်းဒေသကြီး	NUP	Male	Bamar	Buddhism	22-Dec-39	Others	First Pyithu Hluttaw	2010	2015
LWMP-01-0257	U Win Thein	ဦးဝင်းသိန်း	Pinlaebu Tsp	ပင်လည်ဘူးမြို့နယ်	Sagaing	စစ်ကိုင်းတိုင်းဒေသကြီး	USDP	Male	Bamar	Buddhism	15-Apr-64	Business	First Pyithu Hluttaw	2010	2015
LWMP-01-0274	U Khin Maung Thein	ဦးခင်မောင်သိန်း	Sagaing Tsp	စစ်ကိုင်းမြို့နယ်	Sagaing	စစ်ကိုင်းတိုင်းဒေသကြီး	NLD	Male	Bamar	Buddhism	13-Feb-61	Agriculture	First Pyithu Hluttaw	2012	2015
LWMP-01-0275	U Khin Maung Myint	ဦးခင်မောင်မြင့်	Sagaing Tsp	စစ်ကိုင်းမြို့နယ်	Sagaing	စစ်ကိုင်းတိုင်းဒေသကြီး	USDP	Male	Bamar	Buddhism	24-May-51	Civil Service	First Pyithu Hluttaw	2010	2011
LWMP-01-0276	U Than Myint	ဦးသန်းမြင့်	Salingyi Tsp	ဆားလင်းကြီးမြို့နယ်	Sagaing	စစ်ကိုင်းတိုင်းဒေသကြီး	USDP	Male	Bamar	Buddhism	30-May-49	Civil Service	First Pyithu Hluttaw	2010	2015
LWMP-01-0285	U Aung Than	ဦးအောင်သန်း	Shwe Bo Tsp	ရွှေဘိုမြို့နယ်	Sagaing	စစ်ကိုင်းတိုင်းဒေသကြီး	USDP	Male	Bamar	Buddhism	20-Mar-49	Medicines	First Pyithu Hluttaw	2010	2015
LWMP-01-0303	U Khin Maung Swe	ဦးခင်မောင်ဆွေ	Tamu Tsp	တမူးမြို့နယ်	Sagaing	စစ်ကိုင်းတိုင်းဒေသကြီး	USDP	Male	Bamar	Buddhism	30-May-55	Education	First Pyithu Hluttaw	2010	2015
LWMP-01-0307	U Tin Myint	ဦးတင်မြင့်	Tant Sae Tsp	တန့်ဆည်မြို့နယ်	Sagaing	စစ်ကိုင်းတိုင်းဒေသကြီး	USDP	Male	Bamar	Buddhism	3-Aug-54	Business	First Pyithu Hluttaw	2010	2015
LWMP-01-0341	Thura U Aye Myint	သူရဦးအေးမြင့်	Wet Let Tsp	ဝက်လက်မြို့နယ်	Sagaing	စစ်ကိုင်းတိုင်းဒေသကြီး	USDP	Male	Bamar	Buddhism	14-Jul-46	Civil Service	First Pyithu Hluttaw	2010	2015
LWMP-01-0344	U Soe Paing	ဦးစိုးပိုင်	Wuntho Tsp	ဝန်းသိုမြို့နယ်	Sagaing	စစ်ကိုင်းတိုင်းဒေသကြီး	USDP	Male	Bamar	Buddhism	23-Jun-66	Education	First Pyithu Hluttaw	2010	2015
LWMP-01-0348	U Aung Kyaw Oo	ဦးအောင်ကျော်ဦး	Yay Oo Tsp	ရေဦးမြို့နယ်	Sagaing	စစ်ကိုင်းတိုင်းဒေသကြီး	USDP	Male	Bamar	Buddhism	27-Nov-56	Business	First Pyithu Hluttaw	2010	2015
LWMP-01-0356	U Thaung Han	ဦးသောင်းဟန်	Yin Mar Pin Tsp	ယင်းမာပင်မြို့နယ်	Sagaing	စစ်ကိုင်းတိုင်းဒေသကြီး	USDP	Male	Bamar	Buddhism	14-Oct-49	Civil Service	First Pyithu Hluttaw	2010	2015
LWMP-01-0055	U Kyin Wun	ဦးကျင်ဝမ်း	Hopan Tsp	ဟိုပန်မြို့နယ်	Shan	ရှမ်းပြည်နယ်	WDP	Male	Kokant	Buddhism	25-Oct-55	Agriculture	First Pyithu Hluttaw	2010	2015
LWMP-01-0056	U Khun Thein Pe	ဦးခွန်သိန်းဖေ	Hopong Tsp	ဟိုပုံးမြို့နယ်	Shan	ရှမ်းပြည်နယ်	PNO	Male	Pao	Buddhism	28-Oct-66	Agriculture	First Pyithu Hluttaw	2010	2015
LWMP-01-0069	Dr. Daw Than Ngwe	ဒေါက်တာဒေါ်သန်းငွေ	Kalaw Tsp	ကလောမြို့နယ်	Shan	ရှမ်းပြည်နယ်	NLD	Female	Inn	Buddhism	26-Jun-48	Medicines	First Pyithu Hluttaw	2012	2015
LWMP-01-0070	U Tin Naing Thein	ဦးတင်နိုင်သိန်း	Kalaw Tsp	ကလောမြို့နယ်	Shan	ရှမ်းပြည်နယ်	USDP	Male	Bamar	Buddhism	9-Jun-54	Civil Service	First Pyithu Hluttaw	2010	2011
LWMP-01-0089	U Kyan Te Won	ဦးကျန်တဲဝန်	Kone Kyan Tsp	ကုန်းကြမ်းမြို့နယ်	Shan	ရှမ်းပြည်နယ်	USDP	Male	Kokant	Buddhism	8-Mar-44	Business	First Pyithu Hluttaw	2010	2015
LWMP-01-0090	U Haw Shauk Chan	ဦးဟော်ရှောက်ချန်	Konglong Tsp	ကွမ်းလုံမြို့နယ်	Shan	ရှမ်းပြည်နယ်	USDP	Male	Kokant	Buddhism	1-May-44	Police	First Pyithu Hluttaw	2010	2015
LWMP-01-0091	Daw Nan Wah Nu	ဒေါ်နန်းဝါနု	Konhein Tsp	ကွန်ဟိန်းမြို့နယ်	Shan	ရှမ်းပြည်နယ်	SNDP	Female	Shan	Buddhism	23-Dec-78	Law	First Pyithu Hluttaw	2010	2015
LWMP-01-0093	U T Khun Myat	ဦးတီခွန်မြတ်	Kutkai Tsp	ကွတ်ခိုင်မြို့နယ်	Shan	ရှမ်းပြည်နယ်	USDP	Male	Kachin	Christianity	30-Oct-50	Law	First Pyithu Hluttaw	2010	2015
LWMP-01-0098	U Stephan	ဦးစတီဖန်	Kyaitong Tsp	ကျိုင်းတုံမြို့နယ်	Shan	ရှမ်းပြည်နယ်	USDP	Male	Lahu	Christianity	22-Aug-55	Law	First Pyithu Hluttaw	2010	2015
LWMP-01-0104	U Nelson	ဦးနယ်လ်ဆင်	Kyaukme Tsp	ကျောက်မဲမြို့နယ်	Shan	ရှမ်းပြည်နယ်	SNDP	Male	Shan	Buddhism		Business	First Pyithu Hluttaw	2010	2015
LWMP-01-0111	U Sai On Saing Mine	ဦးစိုင်းအွန်စိုင်မိုင်း	Kyaythee Tsp	ကျေးသီးမြို့နယ်	Shan	ရှမ်းပြည်နယ်	SNDP	Male	Shan	Buddhism	14-Feb-76	Business	First Pyithu Hluttaw	2010	2015
LWMP-01-0119	U Sai Myint Aye	ဦးစိုင်းမြင့်အေး	Lashio Tsp	လားရှိုးမြို့နယ်	Shan	ရှမ်းပြည်နယ်	USDP	Male	Shan	Buddhism	10-Mar-49	Business	First Pyithu Hluttaw	2010	2015
LWMP-01-0122	U Kyaw Ni Naing	ဦးကျော်နီနိုင်	Laukkine Tsp	လောက်ကိုင်မြို့နယ်	Shan	ရှမ်းပြည်နယ်	USDP	Male	Kokant	Buddhism	18-Oct-74	Business	First Pyithu Hluttaw	2010	2015
LWMP-01-0125	U Sai Maung Tin	ဦးစိုင်းမောင်တင်	Lecha Tsp	လဲချားမြို့နယ်	Shan	ရှမ်းပြည်နယ်	SNDP	Male	Shan	Buddhism	26-Jan-60	Business	First Pyithu Hluttaw	2010	2015
LWMP-01-0129	U Sai Hla Kyaw	ဦးစိုင်းလှကျော်	Linkhay Tsp	လင်းခေးမြို့နယ်	Shan	ရှမ်းပြည်နယ်	SNDP	Male	Shan-Pao	Buddhism	13-May-55	Business	First Pyithu Hluttaw	2010	2015
LWMP-01-0131	U Khin Maung Thi	ဦးခင်မောင်သီ	Loilin Tsp	လွိုင်လင်မြို့နယ်	Shan	ရှမ်းပြည်နယ်	USDP	Male	Shan	Buddhism	24-Apr-59	Business	First Pyithu Hluttaw	2010	2015
LWMP-01-0139	U Myint Hlaing	ဦးမြင့်လှိုင်	Mabain Tsp	မဘိမ်းမြို့နယ်	Shan	ရှမ်းပြည်နယ်	USDP	Male	Bamar	Buddhism	30-Nov-56	Agriculture	First Pyithu Hluttaw	2010	2015
LWMP-01-0148	U Aik Mone	ဦးအိုက်မုန်း	Manton Tsp	မန်တုံမြို့နယ်	Shan	ရှမ်းပြည်နယ်	TPNP	Male	Palaung	Buddhism	5-Nov-44	Others	First Pyithu Hluttaw	2010	2015
LWMP-01-0149	U Aik Yon Mon	ဦးအိုက်ယုန်မုန်	Matman Tsp	မက်မန်းမြို့နယ်	Shan	ရှမ်းပြည်နယ်	WDP	Male	Wa	Christianity		Civil Service	First Pyithu Hluttaw	2010	2015
LWMP-01-0150	U Sai Ngaung Sai Hein	ဦးစိုင်းငေါင်ဆိုင်ဟိန်း	Maukme Tsp	မောက်မယ်မြို့နယ်	Shan	ရှမ်းပြည်နယ်	USDP	Male	Shan	Buddhism	13-Apr-70	Education	First Pyithu Hluttaw	2010	2015
LWMP-01-0164	U Sai Tun Aye	ဦးစိုင်းထွန်းအေး	Minekaine Tsp	မိုင်းကိုင်မြို့နယ်	Shan	ရှမ်းပြည်နယ်	SNDP	Male	Shan	Buddhism	22-Jan-66	Agriculture	First Pyithu Hluttaw	2010	2015
LWMP-01-0165	U Sekikaw	ဦးစီကီကော	Minekhat Tsp	မိုင်းခတ်မြို့နယ်	Shan	ရှမ်းပြည်နယ်	USDP	Male	Lahu	Christianity	9-Sep-46	Education	First Pyithu Hluttaw	2010	2015
LWMP-01-0166	U Tun Myint Oo	ဦးထွန်းမြင့်ဦး	Minepan Tsp	မိုင်းပန်မြို့နယ်	Shan	ရှမ်းပြည်နယ်	SNDP	Male	Inn	Buddhism	13-Mar-69	Business	First Pyithu Hluttaw	2010	2015
LWMP-01-0167	U Sai Kyauk	ဦးစိုင်းကျောက်	Minephyat Tsp	မိုင်းဖြတ်မြို့နယ်	Shan	ရှမ်းပြည်နယ်	USDP	Male	Shan	Christianity	4-Feb-52	Civil Service	First Pyithu Hluttaw	2010	2015
LWMP-01-0168	U Sai Tun Sein	ဦးစိုင်းထွန်းစိန်	Minepyin Tsp	မိုင်းပျဉ်းမြို့နယ်	Shan	ရှမ်းပြည်နယ်	USDP	Male	Shan	Buddhism	15-Apr-61	Education	First Pyithu Hluttaw	2010	2015
LWMP-01-0169	U Kahtiya	ဦးကာထီယာ	Minesart Tsp	မိုင်းဆတ်မြို့နယ်	Shan	ရှမ်းပြည်နယ်	USDP	Male	Shan	Buddhism	21-Feb-63	Agriculture	First Pyithu Hluttaw	2010	2015
LWMP-01-0170	U Sai Aung Kyi	ဦးစိုင်းအောင်ကြည်	Minetong Tsp	မိုင်းတုံမြို့နယ်	Shan	ရှမ်းပြည်နယ်	USDP	Male	Shan	Buddhism	20-Sep-66	Business	First Pyithu Hluttaw	2010	2015
LWMP-01-0171	U Tin Win	ဦးတင်ဝင်း	Mineyan Tsp	မိုင်းယန်းမြို့နယ်	Shan	ရှမ်းပြည်နယ်	USDP	Male	Bamar	Buddhism	29-Sep-63	Civil Service	First Pyithu Hluttaw	2010	2015
LWMP-01-0172	U Sai Saw Tin	ဦးစိုင်းစောတင်	Mineyaung Tsp	မိုင်းယောင်းမြို့နယ်	Shan	ရှမ်းပြည်နယ်	SNDP	Male	Shan	Buddhism		Education	First Pyithu Hluttaw	2010	2015
LWMP-01-0179	U Sai Thiha Kyaw	ဦးစိုင်းသီဟကျော်	Minyal Tsp	မိုင်းရယ်မြို့နယ်	Shan	ရှမ်းပြည်နယ်	SNDP	Male	Shan	Buddhism	17-Jan-75	Business	First Pyithu Hluttaw	2010	2015
LWMP-01-0184	U Sai Kyaw Myint	ဦးစိုင်းကျော်မြင့်	Moene Tsp	မိုးနဲမြို့နယ်	Shan	ရှမ်းပြည်နယ်	SNDP	Male	Shan	Buddhism	8-Jun-45	Business	First Pyithu Hluttaw	2010	2015
LWMP-01-0185	U Kyaw Myint	ဦးကျော်မြင့်	Momeik Tsp	မိုးမိတ်မြို့နယ်	Shan	ရှမ်းပြည်နယ်	NUP	Male	Bamar	Buddhism	3-Mar-57	Agriculture	First Pyithu Hluttaw	2010	2015
LWMP-01-0187	U Kyaw Tin Shwe	ဦးကျော်တင်ရွှေ	Mongshu Tsp	မိုင်းရှူးမြို့နယ်	Shan	ရှမ်းပြည်နယ်	USDP	Male	Shan	Buddhism	5-Mar-56	Others	First Pyithu Hluttaw	2010	2015
LWMP-01-0191	U Sai Bo Aung	ဦးစိုင်းဘိုအောင်	Muse Tsp	မူဆယ်မြို့နယ်	Shan	ရှမ်းပြည်နယ်	SNDP	Male	Shan	Buddhism	11-Jun-56	Education	First Pyithu Hluttaw	2010	2015
LWMP-01-0209	U Maung Maung Swe	ဦးမောင်မောင်ဆွေ	Nam Sam Tsp	နမ့်စန်မြို့နယ်	Shan	ရှမ်းပြည်နယ်	USDP	Male	Bamar	Buddhism	4-Sep-50	Civil Service	First Pyithu Hluttaw	2010	2015
LWMP-01-0210	Dr. Sai Kyaw Ohn	ဒေါက်တာစိုင်းကျော်အုန်း	Namkham Tsp	နမ့်ခမ်းမြို့နယ်	Shan	ရှမ်းပြည်နယ်	SNDP	Male	Shan	Buddhism	13-Mar-50	Business	First Pyithu Hluttaw	2010	2015
LWMP-01-0211	U Htay Lwin	ဦးဌေးလွင်	Namson Tsp	နမ့်ဆန်မြို့နယ်	Shan	ရှမ်းပြည်နယ်	USDP	Male	Bamar	Buddhism	13-Jun-68	Business	First Pyithu Hluttaw	2010	2015
LWMP-01-0212	U Sai Aung Hla	ဦးစိုင်းအောင်လှ	Namtu Tsp	နမ္မတူမြို့နယ်	Shan	ရှမ်းပြည်နယ်	SNDP	Male	Shan	Buddhism	19-Mar-61	Business	First Pyithu Hluttaw	2010	2015
LWMP-01-0216	U Kyaw Myint	ဦးကျော်မြင့်	Naungcho Tsp	နောင်ချိုမြို့နယ်	Shan	ရှမ်းပြည်နယ်	NUP	Male	Danu	Buddhism	9-Sep-58	Agriculture	First Pyithu Hluttaw	2010	2015
LWMP-01-0223	U Win Swe	ဦးဝင်းဆွေ	Nyaung Shwe Tsp	ညောင်ရွှေမြို့နယ်	Shan	ရှမ်းပြည်နယ်	INDP	Male	Shan	Buddhism	12-May-48	Business	First Pyithu Hluttaw	2010	2015
LWMP-01-0253	U Frisis Ko	ဦးဖရန်စစ်ကို	Phekone Tsp	ဖယ်ခုံမြို့နယ်	Shan	ရှမ်းပြည်နယ်	USDP	Male	Kayah	Christianity	13-Aug-62	Education	First Pyithu Hluttaw	2010	2015
LWMP-01-0255	U Khun Maung Thaung	ဦးခွန်မောင်သောင်း	Pin Laung Tsp	ပင်လောင်းမြို့နယ်	Shan	ရှမ်းပြည်နယ်	PNO	Male	Pao	Buddhism	5-Mar-50	Agriculture	First Pyithu Hluttaw	2010	2015
LWMP-01-0256	U Win Kyi	ဦးဝင်းကြည်	Pindaya Tsp	ပင်းတယမြို့နယ်	Shan	ရှမ်းပြည်နယ်	USDP	Male	Danu	Buddhism	27-Jan-65	Agriculture	First Pyithu Hluttaw	2010	2015
LWMP-01-0293	U Win Ko	ဦးဝင်းကို	Sisaing Tsp	ဆီဆိုင်မြို့နယ်	Shan	ရှမ်းပြည်နယ်	PNO	Male	Pao	Buddhism	7-Nov-55	Business	First Pyithu Hluttaw	2010	2015
LWMP-01-0299	U Sai Thein Aung	ဦးစိုင်းသိန်းအောင်	Tachileik Tsp	တာချီလိတ်မြို့နယ်	Shan	ရှမ်းပြည်နယ်	SNDP	Male	Shan	Buddhism	6-Jun-85	Business	First Pyithu Hluttaw	2010	2015
LWMP-01-0305	U Tun Sar	ဦးထွန်းဆာ	Tang Yan Tsp	တန့်ယန်းမြို့နယ်	Shan	ရှမ်းပြည်နယ်	SNDP	Male	Shan		8-Jul-47	Agriculture	First Pyithu Hluttaw	2010	2015
LWMP-01-0311	U San Lin	ဦးစံလင်း	Taunggyi Tsp	တောင်ကြီးမြို့နယ်	Shan	ရှမ်းပြည်နယ်	USDP	Male	Inn	Buddhism	17-Apr-56	Civil Service	First Pyithu Hluttaw	2010	2015
LWMP-01-0330	U Sai Win Khine	ဦးစိုင်းဝင်းခိုင်	Theinni Tsp	သိန္နီမြို့နယ်	Shan	ရှမ်းပြည်နယ်	SNDP	Male	Shan	Buddhism	5-Apr-67	Business	First Pyithu Hluttaw	2010	2015
LWMP-01-0331	U Ye Tun	ဦးရဲထွန်း	Thibaw Tsp	သီပေါမြို့နယ်	Shan	ရှမ်းပြည်နယ်	SNDP	Male	Bamar	Buddhism	3-Sep-55	Business	First Pyithu Hluttaw	2010	2015
LWMP-01-0345	U Khin Maung Myint	ဦးခင်မောင်မြင့်	Yaksauk Tsp	ရပ်စောက်မြို့နယ်	Shan	ရှမ်းပြည်နယ်	USDP	Male	Bamar	Buddhism	15-Dec-66	Agriculture	First Pyithu Hluttaw	2010	2015
LWMP-01-0357	U Aung Thein	ဦးအောင်သိန်း	Ywangan Tsp	ရွာငံမြို့နယ်	Shan	ရှမ်းပြည်နယ်	Individual	Male	Bamar-Dawei	Buddhism	30-Jan-48	Medicines	First Pyithu Hluttaw	2010	2015
LWMP-01-0013	U Aung Lin Hlaing	ဦးအောင်လင်းလှိုင်	BoatPyin Tsp	ဘုတ်ပြင်းမြို့နယ်	Taninthayi	တနင်္သာရီတိုင်းဒေသကြီး	USDP	Male	Bamar	Buddhism	16-Dec-57	Civil Service	First Pyithu Hluttaw	2010	2015
LWMP-01-0034	U Kyi Min	ဦးကြည်မင်း	Dawei Tsp	ထားဝယ်မြို့နယ်	Taninthayi	တနင်္သာရီတိုင်းဒေသကြီး	USDP	Male	Bamar	Buddhism	13-Dec-43	Military	First Pyithu Hluttaw	2010	2015
LWMP-01-0084	U Myint Tun	ဦးမြင့််ထွန်း	Kawthaung Tsp	ကော့သောင်းမြို့နယ်	Taninthayi	တနင်္သာရီတိုင်းဒေသကြီး	USDP	Male	Bamar	Buddhism	23-Apr-56	Military	First Pyithu Hluttaw	2010	2015
LWMP-01-0115	Daw Tin Tin Yee	ဒေါ်တင်တင်ရီ	KyunSu Tsp	ကျွန်းစုမြို့နယ်	Taninthayi	တနင်္သာရီတိုင်းဒေသကြီး	NLD	Female	Bamar	Buddhism	23-Nov-46	Law	First Pyithu Hluttaw	2012	2015
LWMP-01-0116	U Soe Thein	ဦးစိုးသိန်း	KyunSu Tsp	ကျွန်းစုမြို့နယ်	Taninthayi	တနင်္သာရီတိုင်းဒေသကြီး	USDP	Male	Bamar	Buddhism	7-Sep-48	Civil Service	First Pyithu Hluttaw	2010	2011
LWMP-01-0132	U Aung Soe	ဦးအောင်စိုး	Loundlone Tsp	လောင်းလုံးမြို့နယ်	Taninthayi	တနင်္သာရီတိုင်းဒေသကြီး	NLD	Male	Bamar	Buddhism	29-May-60	Business	First Pyithu Hluttaw	2012	2015
LWMP-01-0133	Dr Kyaw Kyaw Htay	ဒေါက်တာကျော်ကျော်ဌေး	Loundlone Tsp	လောင်းလုံးမြို့နယ်	Taninthayi	တနင်္သာရီတိုင်းဒေသကြီး	USDP	Male	Bamar	Buddhism	16-Apr-54	Education	First Pyithu Hluttaw	2010	2011
LWMP-01-0201	Wunna Kyaw Htin U Htay Myint	ဝဏ္ဏကျော်ထင်ဦးဌေးမြင့်	Myeik Tsp	မြိတ်မြို့နယ်	Taninthayi	တနင်္သာရီတိုင်းဒေသကြီး	USDP	Male	Bamar	Buddhism	6-Feb-55	Business	First Pyithu Hluttaw	2010	2015
LWMP-01-0235	U Hla Myint	ဦးလှမြင့်	Palaw Tsp	ပုလောမြို့နယ်	Taninthayi	တနင်္သာရီတိုင်းဒေသကြီး	USDP	Male	Bamar	Buddhism	21-Jun-64	Civil Service	First Pyithu Hluttaw	2010	2015
LWMP-01-0306	U Yone Bi	ဦးယုန်ဘိ	Tanintharyi Tsp	တနင်္သာရီမြို့နယ်	Taninthayi	တနင်္သာရီတိုင်းဒေသကြီး	USDP	Male	Bamar	Buddhism	4-Feb-48	Business	First Pyithu Hluttaw	2010	2015
LWMP-01-0328	U Kinn Sein	ဦးခင်စိန်	Thayetchaung Tsp	သရက်ချောင်းမြို့နယ်	Taninthayi	တနင်္သာရီတိုင်းဒေသကြီး	USDP	Male	Bamar	Buddhism	9-Sep-49	Business	First Pyithu Hluttaw	2010	2015
LWMP-01-0352	U Win Oo	ဦးဝင်းဦး	Yephu Tsp	ရေဖြူမြို့နယ်	Taninthayi	တနင်္သာရီတိုင်းဒေသကြီး	USDP	Male	Bamar	Buddhism	6-Mar-57	Business	First Pyithu Hluttaw	2010	2015
LWMP-01-0002	U Khine Maung Yi	ဦးခိုင်မောင်ရည်	Ahlone Tsp	အလုံမြို့နယ်	Yangon	ရန်ကုန်တိုင်းဒေသကြီး	NDF	Male	Bamar	Buddhism	20-Oct-69	Civil Service	First Pyithu Hluttaw	2010	2015
LWMP-01-0008	Dr. Maung Maung Wint	ဒေါက်တာမောင်မောင်ဝင့်	Bahan Tsp	ဗဟန်းမြို့နယ်	Yangon	ရန်ကုန်တိုင်းဒေသကြီး	USDP	Male	Bamar	Buddhism	5-Mar-43	Medicines	First Pyithu Hluttaw	2010	2015
LWMP-01-0015	U Sein Myint	ဦးစိန်မြင့်	Botataung Tsp	ဗိုလ်တထောင်မြို့နယ်	Yangon	ရန်ကုန်တိုင်းဒေသကြီး	USDP	Male	Bamar	Buddhism	3-Jul-62	Business	First Pyithu Hluttaw	2010	2015
LWMP-01-0024	U Aye Pe	ဦးအေးဖေ	Coco Island Tsp	ကိုကိုးကျွန်းမြို့နယ်	Yangon	ရန်ကုန်တိုင်းဒေသကြီး	USDP	Male	Bamar	Buddhism	27-Aug-46	Military	First Pyithu Hluttaw	2010	2015
LWMP-01-0026	Dr. Myo Aung	ဒေါက်တာမျိုးအောင်	Dagon Myothit(Seikkan) Tsp	ဒဂုံမြို့သစ်(ဆိပ်ကမ်း)မြို့နယ်	Yangon	ရန်ကုန်တိုင်းဒေသကြီး	NLD	Male	Bamar	Buddhism	16-Feb-51	Civil Service	First Pyithu Hluttaw	2012	2015
LWMP-01-0027	U Thein Htike	ဦးသိန်းထိုက်	Dagon Myothit(Seikkan) Tsp	ဒဂုံမြို့သစ်(ဆိပ်ကမ်း)မြို့နယ်	Yangon	ရန်ကုန်တိုင်းဒေသကြီး	USDP	Male	Bamar	Buddhism	8-Feb-52	Military	First Pyithu Hluttaw	2010	2011
LWMP-01-0028	U Myint Thu	ဦးမြင့်သူ	Dagon New City East Tsp	ဒဂုံမြို့သစ်(အရှေ့ပိုင်း)မြို့နယ်	Yangon	ရန်ကုန်တိုင်းဒေသကြီး	USDP	Male	Bamar	Buddhism	19-Oct-49	Civil Service	First Pyithu Hluttaw	2010	2015
LWMP-01-0029	Daw Tin Nwe Oo	ဒေါ်တင်နွယ်ဦး	Dagon North Tsp	ဒဂုံမြို့သစ်(မြောက်ပိုင်း)မြို့နယ်	Yangon	ရန်ကုန်တိုင်းဒေသကြီး	NDF	Female	Bamar	Buddhism	24-Mar-51	Economics	First Pyithu Hluttaw	2010	2015
LWMP-01-0030	U Nanda Kyaw Swar	ဦးနန္ဒကျော်စွာ	Dagon Tsp	ဒဂုံမြို့နယ်	Yangon	ရန်ကုန်တိုင်းဒေသကြီး	USDP	Male	Bamar	Buddhism	2-Sep-50	Law	First Pyithu Hluttaw	2010	2015
LWMP-01-0032	U Hla Tun Oo	ဦးလှထွန်းဦး	Dalah Tsp	ဒလမြို့နယ်	Yangon	ရန်ကုန်တိုင်းဒေသကြီး	USDP	Male	Bamar	Buddhism	28-Aug-74	Business	First Pyithu Hluttaw	2010	2015
LWMP-01-0033	U Hla Myint	ဦးလှမြင့်	Dawbon Tsp	ဒေါပုံမြို့နယ်	Yangon	ရန်ကုန်တိုင်းဒေသကြီး	USDP	Male	Bamar	Buddhism	13-Apr-60	Industry	First Pyithu Hluttaw	2010	2015
LWMP-01-0049	U Nyan Win	ဦးဉာဏ်ဝင်း	Hlaing Tharyar Tsp	လှိုင်သာယာမြို့နယ်	Yangon	ရန်ကုန်တိုင်းဒေသကြီး	USDP	Male	Bamar	Buddhism	29-May-56	Business	First Pyithu Hluttaw	2010	2015
LWMP-01-0050	Dr. Win Myint	ဒေါက်တာဝင်းမြင့်	Hlaing Tsp	လှိုင်မြို့နယ်	Yangon	ရန်ကုန်တိုင်းဒေသကြီး	USDP	Male	Bamar	Buddhism	7-Feb-60	Business	First Pyithu Hluttaw	2010	2015
LWMP-01-0051	U Phyo Min Thein	ဦးဖြိုးမင်းသိန်း	Hlegu Tsp	လှည်းကူးမြို့နယ်	Yangon	ရန်ကုန်တိုင်းဒေသကြီး	NLD	Male	Bamar	Buddhism	13-Apr-69	Business	First Pyithu Hluttaw	2012	2015
LWMP-01-0052	U Khin Muang Soe	ဦးခင်မောင်စိုး	Hlegu Tsp	လှည်းကူးမြို့နယ်	Yangon	ရန်ကုန်တိုင်းဒေသကြီး	USDP	Male	Bamar	Buddhism	25-Dec-50	Civil Service	First Pyithu Hluttaw	2010	2011
LWMP-01-0053	U Kyi Myint	ဦးကြည်မြင့်	Hmawbi Tsp	မှော်ဘီမြို့နယ်	Yangon	ရန်ကုန်တိုင်းဒေသကြီး	USDP	Male	Bamar	Buddhism	15-Jan-51	Agriculture	First Pyithu Hluttaw	2010	2015
LWMP-01-0061	U Thein Yi	ဦးသိန်းရီ	Htantapin Tsp	ထန်းတပင်မြို့နယ်	Yangon	ရန်ကုန်တိုင်းဒေသကြီး	USDP	Male	Bamar	Buddhism	15-May-55	Business	First Pyithu Hluttaw	2010	2015
LWMP-01-0067	U Aye Myint	ဦးအေးမြင့်	Insein Tsp	အင်းစိန်မြို့နယ်	Yangon	ရန်ကုန်တိုင်းဒေသကြီး	USDP	Male	Bamar	Buddhism	22-Jan-61	Others	First Pyithu Hluttaw	2010	2015
LWMP-01-0072	Dr. Soe Yin	ဒေါက်တာစိုးရင်	Kamayut Tsp	ကမာရွတ်မြို့နယ်	Yangon	ရန်ကုန်တိုင်းဒေသကြီး	USDP	Male	Bamar	Buddhism	25-Oct-41	Education	First Pyithu Hluttaw	2010	2015
LWMP-01-0079	Daw Aung San Suu Kyi	​ဒေါ်အောင်ဆန်းစုကြည်	Kaw Hmu Tsp	ကော့မှူးမြို့နယ်	Yangon	ရန်ကုန်တိုင်းဒေသကြီး	NLD	Female	Bamar	Buddhism	19-Jun-45	Others	First Pyithu Hluttaw	2012	2015
LWMP-01-0080	U Soe Tint	ဦးစိုးတင့်	Kaw Hmu Tsp	ကော့မှူးမြို့နယ်	Yangon	ရန်ကုန်တိုင်းဒေသကြီး	USDP	Male	Bamar	Buddhism	30-May-35	Engineering	First Pyithu Hluttaw	2010	2011
LWMP-01-0087	U Maung Maung Thein	ဦးမောင်မောင်သိန်း	Khayan Tsp	ခရမ်းမြို့နယ်	Yangon	ရန်ကုန်တိုင်းဒေသကြီး	USDP	Male	Bamar	Buddhism	1-Feb-46	Civil Service	First Pyithu Hluttaw	2010	2015
LWMP-01-0092	U Lun Thi	ဦးလွန်းသီ	Kunchangon Tsp	ကွမ်းခြံကုန်းမြို့နယ်	Yangon	ရန်ကုန်တိုင်းဒေသကြီး	USDP	Male	Bamar	Buddhism	18-Jul-40	Civil Service	First Pyithu Hluttaw	2010	2015
LWMP-01-0101	U Aung Kyaw Khin	ဦးအောင်ကျော်ခင်	Kyauk Tan Tsp	ကျောက်တန်းမြို့နယ်	Yangon	ရန်ကုန်တိုင်းဒေသကြီး	USDP	Male	Bamar	Buddhism	3-Oct-73	Business	First Pyithu Hluttaw	2010	2015
LWMP-01-0108	U Soe Win	ဦးစိုးဝင်း	Kyauktada Tsp	ကျောက်တံတားမြို့နယ်	Yangon	ရန်ကုန်တိုင်းဒေသကြီး	USDP	Male	Bamar	Buddhism	10-Feb-53	Business	First Pyithu Hluttaw	2010	2015
LWMP-01-0112	U Than Sein	ဦးသန်းစိန်	Kyimyindine Tsp	ကြည့်မြင်တိုင်မြို့နယ်	Yangon	ရန်ကုန်တိုင်းဒေသကြီး	USDP	Male	Bamar	Buddhism	24-Aug-62	Education	First Pyithu Hluttaw	2010	2015
LWMP-01-0118	U Khin Maung Win	ဦးခင်မောင်ဝင်း	Lanmadaw Tsp	လမ်းမတော်မြို့နယ်	Yangon	ရန်ကုန်တိုင်းဒေသကြီး	NDF	Male					First Pyithu Hluttaw	2010	2015
LWMP-01-0121	U Kyi Myint	ဦးကြည်မြင့်	Latha Tsp	လသာမြို့နယ်	Yangon	ရန်ကုန်တိုင်းဒေသကြီး	NDF	Male	Bamar	Buddhism	14-Jul-53	Art	First Pyithu Hluttaw	2010	2015
LWMP-01-0156	Dr. May Win Myint	ဒေါက်တာမေဝင်းမြင့်	Mayangone Tsp	မရမ်းကုန်းမြို့နယ်	Yangon	ရန်ကုန်တိုင်းဒေသကြီး	NLD	Female	Bamar	Buddhism	8-Mar-50	Medicines	First Pyithu Hluttaw	2012	2015
LWMP-01-0157	Dr Pwint Hsan	ဒေါက်တာပွင့်ဆန်း	Mayangone Tsp	မရမ်းကုန်းမြို့နယ်	Yangon	ရန်ကုန်တိုင်းဒေသကြီး	USDP	Male	Bamar	Buddhism	13-Jul-91	Industry	First Pyithu Hluttaw	2010	2011
LWMP-01-0173	U Tin Maung Win	ဦးတင်မောင်ဝင်း	Mingaladon Tsp	မင်္ဂလာဒုံမြို့နယ်	Yangon	ရန်ကုန်တိုင်းဒေသကြီး	USDP	Male	Bamar	Buddhism	26-May-57	Civil Service	First Pyithu Hluttaw	2010	2015
LWMP-01-0174	Daw Phyu Phyu Thin	ဒေါ်ဖြူဖြူသင်း	Mingalar Taung Nyunt Tsp	မင်္ဂလာတောင်ညွန့်မြို့နယ်	Yangon	ရန်ကုန်တိုင်းဒေသကြီး	NLD	Female	Bamar	Buddhism	23-Nov-71	Others	First Pyithu Hluttaw	2012	2015
LWMP-01-0175	U Aung Kyi	ဦးအောင်ကြည်	Mingalar Taung Nyunt Tsp	မင်္ဂလာတောင်ညွန့်မြို့နယ်	Yangon	ရန်ကုန်တိုင်းဒေသကြီး	USDP	Male	Bamar	Buddhism	1-Nov-46	Civil Service	First Pyithu Hluttaw	2010	2011
LWMP-01-0220	Dr. Than Win	ဒေါက်တာသန်းဝင်း	North Okkalapa Tsp	မြောက်ဥက္ကလာပမြို့နယ်	Yangon	ရန်ကုန်တိုင်းဒေသကြီး	NDF	Male	Bamar	Buddhism	18-Nov-49	Medicines	First Pyithu Hluttaw	2010	2015
LWMP-01-0231	U Aung San	ဦးအောင်ဆန်း	Pabedan Tsp	ပန်းဘဲတန်းမြို့နယ်	Yangon	ရန်ကုန်တိုင်းဒေသကြီး	USDP	Male	Bamar	Buddhism	23-Dec-47	Business	First Pyithu Hluttaw	2010	2015
LWMP-01-0247	U Aung Zin	ဦးအောင်ဇင်	Pazundaung Tsp	ပုဇွန်တောင်မြို့နယ်	Yangon	ရန်ကုန်တိုင်းဒေသကြီး	NDF	Male	Bamar	Buddhism	29-Jun-58	Art	First Pyithu Hluttaw	2010	2015
LWMP-01-0261	Dr. Nay Lin	ဒေါက်တာနေလင်း	Port Tsp	ဆိပ်ကမ်းမြို့နယ်	Yangon	ရန်ကုန်တိုင်းဒေသကြီး	USDP	Male	Bamar	Buddhism	14-Nov-53	Civil Service	First Pyithu Hluttaw	2010	2015
LWMP-01-0278	U Soe Win	ဦးစိုးဝင်း	Sanchaung Tsp	စမ်းချောင်းမြို့နယ်	Yangon	ရန်ကုန်တိုင်းဒေသကြီး	NDF	Male	Bamar	Buddhism	4-Apr-44	Business	First Pyithu Hluttaw	2010	2015
LWMP-01-0283	U Maung Par	ဦးမောင်ပါ	Seikkyi Khanaungto Tsp	ဆိပ်ကြီး/ခနောင်တိုမြို့နယ်	Yangon	ရန်ကုန်တိုင်းဒေသကြီး	USDP	Male	Bamar	Buddhism	9-Feb-41	Civil Service	First Pyithu Hluttaw	2010	2015
LWMP-01-0288	U Tin Maung Oo	ဦးတင်မောင်ဦး	Shwepyithar Tsp	ရွှေပြည်သာမြို့နယ်	Yangon	ရန်ကုန်တိုင်းဒေသကြီး	USDP	Male	Bamar	Buddhism	4-Aug-60	Military	First Pyithu Hluttaw	2010	2015
LWMP-01-0295	Daw Su Su Hlaing	ဒေါ်စုစုလှိုင်	South Dagon Myothit Tsp	ဒဂုံမြို့သစ်(တောင်ပိုင်း)မြို့နယ်	Yangon	ရန်ကုန်တိုင်းဒေသကြီး	USDP	Female	Bamar	Buddhism	20-Jun-68	Others	First Pyithu Hluttaw	2010	2012
LWMP-01-0296	U Aung Thein Lin	ဦးအောင်သိန်းလင်း	South Okkalapa Tsp	တောင်ဥက္ကလာပမြို့နယ်	Yangon	ရန်ကုန်တိုင်းဒေသကြီး	USDP	Male	Bamar	Buddhism	10-Jul-49	Civil Service	First Pyithu Hluttaw	2010	2015
LWMP-01-0302	U Han Sein	ဦးဟန်စိန်	Taikkyi Tsp	တိုက်ကြီးမြို့နယ်	Yangon	ရန်ကုန်တိုင်းဒေသကြီး	USDP	Male	Bamar	Buddhism	7-Sep-51	Business	First Pyithu Hluttaw	2010	2015
LWMP-01-0304	Daw L'ei L'ei Win Swe	ဒေါ်လဲ့လဲ့ဝင်းဆွေ	Tamway Tsp	တာမွေမြို့နယ်	Yangon	ရန်ကုန်တိုင်းဒေသကြီး	USDP	Female	Bamar	Buddhism	20-Feb-63	Others	First Pyithu Hluttaw	2010	2015
LWMP-01-0321	U Lwin Oo	ဦးလွင်ဦး	Thanlyin Tsp	သန်လျင်မြို့နယ်	Yangon	ရန်ကုန်တိုင်းဒေသကြီး	USDP	Male	Bamar	Buddhism	27-Oct-63	Civil Service	First Pyithu Hluttaw	2010	2015
LWMP-01-0323	U Maung Maung Soe	ဦးမောင်မောင်စိုး	Tharkayta Tsp	သာကေတမြို့နယ်	Yangon	ရန်ကုန်တိုင်းဒေသကြီး	USDP	Male	Bamar	Buddhism	14-Aug-46	Civil Service	First Pyithu Hluttaw	2010	2015
LWMP-01-0332	U Thein Nyunt	ဦးသိန်းညွှန့်	Thingangyun Tsp	သင်္ဃန်းကျွန်းမြို့နယ်	Yangon	ရန်ကုန်တိုင်းဒေသကြီး	NDF	Male	Bamar	Buddhism	12-Dec-44	Law	First Pyithu Hluttaw	2010	2015
LWMP-01-0334	Thura U Myint Maung	သူရဦးမြင့်မောင်	Thongwa Tsp	သုံးခွမြို့နယ်	Yangon	ရန်ကုန်တိုင်းဒေသကြီး	USDP	Male	Bamar	Buddhism	19-Jan-41	Civil Service	First Pyithu Hluttaw	2010	2011
LWMP-01-0337	U Soe Thar	ဦးစိုးသာ	Twante Tsp	တွံတေးမြို့နယ်	Yangon	ရန်ကုန်တိုင်းဒေသကြီး	USDP	Male	Bamar	Buddhism	11-Nov-44	Civil Service	First Pyithu Hluttaw	2010	2015
LWMP-01-0347	U Thar Win	ဦးသာဝင်း	Yankin Tsp	ရန်ကင်းမြို့နယ်	Yangon	ရန်ကုန်တိုင်းဒေသကြီး	USDP	Male	Bamar	Buddhism	10-Jul-49	Civil Service	First Pyithu Hluttaw	2010	2015
LWMP-01-0363	Major Pyae Phyo Kyaw	ဗိုလ်မှူးပြည့်ဖြိုးကျော်					Military	Male					First Pyithu Hluttaw	2013	2013
LWMP-01-0364	Lt. Colonel Moe Kyaw	ဒုဗိုလ်မှူးကြီးမိုးကျော်					Military	Male					First Pyithu Hluttaw	2013	2015
LWMP-01-0365	Lt. Colonel Mya Oo	ဒုဗိုလ်မှူးကြီးမြဦး					Military	Male					First Pyithu Hluttaw	2013	2015
LWMP-01-0366	Lt. Colonel Myint Maw	ဒုဗိုလ်မှူးကြီးမြင့်မော်					Military	Male					First Pyithu Hluttaw	2013	2015
LWMP-01-0367	Lt. Colonel Moe Kyaw Oo	ဒုဗိုလ်မှူးကြီးမိုးကျော်ဦး					Military	Male					First Pyithu Hluttaw	2013	2015
LWMP-01-0368	Lt. Colonel Win Zaw Myint	ဒုဗိုလ်မှူးကြီးဝင်းဇော်မြင့်					Military	Male					First Pyithu Hluttaw	2013	2015
LWMP-01-0369	Lt. Colonel Myat Ko	ဒုဗိုလ်မှူးကြီးမြတ်ကို					Military	Male					First Pyithu Hluttaw	2013	2015
LWMP-01-0370	Major Han Soe Htut	ဗိုလ်မှူးဟန်စိုးထွဋ်					Military	Male					First Pyithu Hluttaw	2013	2015
LWMP-01-0371	Major Ye Soe	ဗိုလ်မှူးရဲစိုး					Military	Male					First Pyithu Hluttaw	2013	2015
LWMP-01-0372	Major Than Naing Lwin	ဗိုလ်မှူးသန်းနိုင်လွင်					Military	Male					First Pyithu Hluttaw	2013	2015
LWMP-01-0373	Major Ye Wunt Htet	ဗိုလ်မှူးရဲဝင့်ထက်					Military	Male					First Pyithu Hluttaw	2013	2015
LWMP-01-0374	Major Aye Ko Ko	ဗိုလ်မှူးအေးကိုကို					Military	Male					First Pyithu Hluttaw	2013	2015
LWMP-01-0375	Major Myo Min Maung	ဗိုလ်မှူးမျိုးမင်းမောင်					Military	Male					First Pyithu Hluttaw	2013	2015
LWMP-01-0376	Major Aung Thwin Soe	ဗိုလ်မှူးအောင်သွင်စိုး					Military	Male					First Pyithu Hluttaw	2013	2015
LWMP-01-0377	Major Soe Min Aye	ဗိုလ်မှူးစိုးမင်းအေး					Military	Male					First Pyithu Hluttaw	2013	2015
LWMP-01-0378	Major Moe Oo Kyaw	ဗိုလ်မှူးမိုးဦးကျော်					Military	Male					First Pyithu Hluttaw	2013	2015
LWMP-01-0379	Major Myo Htway	ဗိုလ်မှူးမျိုးထွေး					Military	Male					First Pyithu Hluttaw	2013	2015
LWMP-01-0380	Major Aung Kyaw Lwin	ဗိုလ်မှူးအောင်ကျော်လွင်					Military	Male					First Pyithu Hluttaw	2013	2015
LWMP-01-0381	Major Nway Oo	ဗိုလ်မှူးနွေဦး					Military	Male					First Pyithu Hluttaw	2013	2015
LWMP-01-0382	Major Ye Myint Lwin	ဗိုလ်မှူးရဲမြင့်လွင်					Military	Male					First Pyithu Hluttaw	2013	2015
LWMP-01-0383	Colonel Tin San Naing	ဗိုလ်မှူးကြီးတင်ဆန်းနိုင်					Military	Male					First Pyithu Hluttaw	2012	2015
LWMP-01-0384	Major Nyi Nyi Zaw	ဗိုလ်မှူးညီညီဇော်					Military	Male					First Pyithu Hluttaw	2012	2015
LWMP-01-0385	Major Tin Kyaw Oo	ဗိုလ်မှူးတင်ကျော်ဦး					Military	Male					First Pyithu Hluttaw	2012	2015
LWMP-01-0386	Major Zin Myo Latt	ဗိုလ်မှူးဇင်မျိုးလတ်					Military	Male					First Pyithu Hluttaw	2012	2015
LWMP-01-0387	Major Yan Naung Soe	ဗိုလ်မှူးရန်နောင်စိုး					Military	Male	Bamar	Buddhism	31-Jan-79		First Pyithu Hluttaw	2010	2013
LWMP-01-0388	Major Thein Tun	ဗိုလ်မှူးသိန်းထွန်း					Military	Male	Bamar	Buddhism	5-Apr-68		First Pyithu Hluttaw	2010	2015
LWMP-01-0389	Brig.General Win Myint	ဗိုလ်မှူးချုပ်ဝင်းမြင့်					Military	Male	Bamar	Buddhism	19-Mar-58		First Pyithu Hluttaw	2010	2012
LWMP-01-0390	Major Myo Maung	ဗိုလ်မှူးမျိုးမောင်					Military	Male					First Pyithu Hluttaw	2010	2012
LWMP-01-0391	Major Lin Tun	ဗိုလ်မှူးလင်းထွန်း					Military	Male					First Pyithu Hluttaw	2010	2012
LWMP-01-0392	Major Yan Naing Win	ဗိုလ်မှူးရန်နိုင်ဝင်း					Military	Male					First Pyithu Hluttaw	2010	2012
LWMP-01-0393	Lt. Colonel Win Zaw Htay	ဒုဗိုလ်မှူးကြီးဝင်းဇော်ဌေး					Military	Male	Shan	Buddhism	5-Jun-68		First Pyithu Hluttaw	2010	2013
LWMP-01-0394	Lt. Colonel Thein Htay	ဒုဗိုလ်မှူးကြီးသိန်းဌေး					Military	Male	Bamar	Buddhism	16-Feb-60		First Pyithu Hluttaw	2010	2013
LWMP-01-0395	Lt. Colonel Saw Myint Win Aung	ဒုဗိုလ်မှူးကြီးစောမြင့်ဝင်းအောင်					Military	Male	Kayin	Buddhism	11-Dec-69		First Pyithu Hluttaw	2010	2013
LWMP-01-0396	Lt. Colonel Kyaw Aung	ဒုဗိုလ်မှူးကြီးကျော်အောင်					Military	Male	Bamar	Buddhism	9-Jul-69		First Pyithu Hluttaw	2010	2013
LWMP-01-0397	Lt. Colonel Kyaw Naing	ဒုဗိုလ်မှူးကြီးကျော်နိုင်					Military	Male					First Pyithu Hluttaw	2010	2013
LWMP-01-0398	Lt. Colonel Myo Min	ဒုဗိုလ်မှူးကြီးမျိုးမင်း					Military	Male					First Pyithu Hluttaw	2010	2013
LWMP-01-0399	Major Thein Htay Aung	ဗိုလ်မှူးသိန်းဌေးအောင်					Military	Male	Bamar	Buddhism	13-Apr-78		First Pyithu Hluttaw	2010	2013
LWMP-01-0400	Major Win Naing	ဗိုလ်မှူးဝင်းနိုင်					Military	Male	Rakhine	Buddhism	12-Feb-78		First Pyithu Hluttaw	2010	2013
LWMP-01-0401	Major Khin Soe	ဗိုလ်မှူးခင်စိုး					Military	Male	Bamar	Buddhism	12-Aug-68		First Pyithu Hluttaw	2010	2013
LWMP-01-0402	Major Aye Win	ဗိုလ်မှူးအေးဝင်း					Military	Male	Bamar	Buddhism	2-Sep-69		First Pyithu Hluttaw	2010	2013
LWMP-01-0403	Major Than Oo	ဗိုလ်မှူးသန်းဦး					Military	Male	Bamar	Buddhism	29-Oct-65		First Pyithu Hluttaw	2010	2013
LWMP-01-0404	Major Myat Thu	ဗိုလ်မှူးမြတ်သူ					Military	Male	Bamar	Buddhism	14-Nov-63		First Pyithu Hluttaw	2010	2013
LWMP-01-0405	Major Myo Zaw Oo	ဗိုလ်မှူးမျိုးဇော်ဦး					Military	Male					First Pyithu Hluttaw	2010	2013
LWMP-01-0406	Major Soe Lin Maung	ဗိုလ်မှူးစိုးလင်းမောင်					Military	Male					First Pyithu Hluttaw	2010	2013
LWMP-01-0407	Major Yan Naing Htoo	ဗိုလ်မှူးရန်နိုင်ထူး					Military	Male					First Pyithu Hluttaw	2010	2013
LWMP-01-0408	Major Soe Hlaing Min	ဗိုလ်မှူးစိုးလှိုင်မင်း					Military	Male					First Pyithu Hluttaw	2010	2013
LWMP-01-0409	Major Myo Thet Oo	ဗိုလ်မှူးမျိုးသက်ဦး					Military	Male					First Pyithu Hluttaw	2010	2013
LWMP-01-0410	Major Win Aung	ဗိုလ်မှူးဝင်းအောင်					Military	Male					First Pyithu Hluttaw	2010	2013
LWMP-01-0411	Major Than Htaik	ဗိုလ်မှူးသန်းထိုက်					Military	Male					First Pyithu Hluttaw	2010	2013
LWMP-01-0412	Brig.General Wai Linn	ဗိုလ်မှူးချုပ်ဝေလင်း					Military	Male	Bamar	Buddhism	14-Apr-54		First Pyithu Hluttaw	2010	2015
LWMP-01-0413	Brig.General Tauk Tun	ဗိုလ်မှူးချုပ်တောက်ထွန်း					Military	Male	Bamar	Buddhism	10-Mar-62		First Pyithu Hluttaw	2010	2015
LWMP-01-0414	Brig.General Min Naung	ဗိုလ်မှူးချုပ်မင်းနောင်					Military	Male	Bamar	Buddhism	16-Oct-60		First Pyithu Hluttaw	2010	2015
LWMP-01-0415	Colonel Aung Thila	ဗိုလ်မှူးကြီးအောင်သီဟ					Military	Male	Shan	Buddhism	22-Jan-61		First Pyithu Hluttaw	2010	2015
LWMP-01-0416	Colonel Aung Myint	ဗိုလ်မှူးကြီးအောင်မြင့်					Military	Male	Bamar	Buddhism	9-Sep-62		First Pyithu Hluttaw	2010	2015
LWMP-01-0417	Colonel Mynint Han	ဗိုလ်မှူးကြီးမြင့်ဟန်					Military	Male	Bamar	Buddhism	14-Dec-61		First Pyithu Hluttaw	2010	2015
LWMP-01-0418	Colonel Khin Maung Tun	ဗိုလ်မှူးကြီးခင်မောင်ထွန်း					Military	Male	Bamar	Buddhism	28-Sep-63		First Pyithu Hluttaw	2010	2015
LWMP-01-0419	Colonel Saw Min	ဗိုလ်မှူးကြီးစောမင်း					Military	Male	Bamar	Buddhism	25-Dec-62		First Pyithu Hluttaw	2010	2015
LWMP-01-0420	Colonel Than Htut Thein	ဗိုလ်မှူးကြီးသန်းထွဋ်သိန်း					Military	Male	Bamar	Buddhism	20-Dec-62		First Pyithu Hluttaw	2010	2015
LWMP-01-0421	Colonel Than Htun Oo	ဗိုလ်မှူးကြီးသန်းထွန်းဦး					Military	Male	Bamar	Buddhism	28-Feb-64		First Pyithu Hluttaw	2010	2015
LWMP-01-0422	Colonel Kyaw Shwe	ဗိုလ်မှူးကြီးကျော်ရွှေ					Military	Male	Rakhine	Buddhism	24-Dec-65		First Pyithu Hluttaw	2010	2015
LWMP-01-0423	Colonel Hla Myint Soe	ဗိုလ်မှူးကြီးလှမြင့်စိုး					Military	Male	Rakhine	Buddhism	13-Mar-68		First Pyithu Hluttaw	2010	2015
LWMP-01-0424	Colonel Tint San	ဗိုလ်မှူးကြီးတင့်စန်း					Military	Male	Bamar	Buddhism	14-Mar-62		First Pyithu Hluttaw	2010	2015
LWMP-01-0425	Colonel Myint Ko Ko	ဗိုလ်မှူးကြီးမြင့်ကိုကို					Military	Male	Bamar	Buddhism	10-Jan-57		First Pyithu Hluttaw	2010	2015
LWMP-01-0426	Colonel Htay Naing	ဗိုလ်မှူးကြီးဌေးနိုင်					Military	Male	Bamar	Buddhism	14-Apr-58		First Pyithu Hluttaw	2010	2015
LWMP-01-0427	Lt. Colonel Saw Shwe	ဒုဗိုလ်မှူးကြီးစောရွှေ					Military	Male	Rakhine	Buddhism	5-Mar-59		First Pyithu Hluttaw	2010	2015
LWMP-01-0428	Lt. Colonel Ngwe Soe	ဒုဗိုလ်မှူးကြီးငွေစိုး					Military	Male	Bamar	Buddhism	7-Jun-61		First Pyithu Hluttaw	2010	2015
LWMP-01-0429	Lt. Colonel Kyaw Myint	ဒုဗိုလ်မှူးကြီးကျော်မြင့်					Military	Male	Bamar	Buddhism	29-Jan-62		First Pyithu Hluttaw	2010	2015
LWMP-01-0430	Lt. Colonel Nyi Nyi Lwin	ဒုဗိုလ်မှူးကြီးညီညီလွင်					Military	Male	Bamar	Buddhism	23-Dec-64		First Pyithu Hluttaw	2010	2015
LWMP-01-0431	Lt. Colonel Pe Kyaing	ဒုဗိုလ်မှူးကြီးဖေကြိုင်					Military	Male	Shan	Buddhism	24-Feb-66		First Pyithu Hluttaw	2010	2015
LWMP-01-0432	Lt. Colonel Khin Maung Win	ဒုဗိုလ်မှူးကြီးခင်မောင်ဝင်း					Military	Male	Bamar	Buddhism	20-Jun-66		First Pyithu Hluttaw	2010	2015
LWMP-01-0433	Lt. Colonel Wn Naing	ဒုဗိုလ်မှူးကြီးဝင်းနိုင်					Military	Male	Bamar	Buddhism	2-Mar-66		First Pyithu Hluttaw	2010	2015
LWMP-01-0434	Lt. Colonel Thame Htut (a) Mae Mae	ဒုဗိုလ်မှူးကြီးသိန်းထွဋ် (ခ) မဲမဲ					Military	Male	Bamar	Buddhism	26-Jul-68		First Pyithu Hluttaw	2010	2015
LWMP-01-0435	Lt. Colonel Tin Moe (a) Aung Kyaw Soe	ဒုဗိုလ်မှူးကြီးတင်မိုး (ခ) အောင်ကျော်စိုး					Military	Male	Bamar	Buddhism	22-Jun-68		First Pyithu Hluttaw	2010	2015
LWMP-01-0436	Lt. Colonel Hla Soe	ဒုဗိုလ်မှူးကြီးလှစိုး					Military	Male	Bamar	Buddhism	12-Jun-66		First Pyithu Hluttaw	2010	2015
LWMP-01-0437	Lt. Colonel Tun Lin Oo	ဒုဗိုလ်မှူးကြီးထွန်းလင်းဦး					Military	Male	Bamar	Buddhism	21-Dec-68		First Pyithu Hluttaw	2010	2015
LWMP-01-0438	Lt. Colonel Ye Htut	ဒုဗိုလ်မှူးကြီးရဲထွဋ်					Military	Male	Bamar	Buddhism	22-May-69		First Pyithu Hluttaw	2010	2015
LWMP-01-0439	Lt. Colonel Myat Khine	ဒုဗိုလ်မှူးကြီးမြတ်ခိုင်					Military	Male	Bamar	Buddhism	14-Apr-60		First Pyithu Hluttaw	2010	2015
LWMP-01-0440	Lt. Colonel Htin Kyaw Soe	ဒုဗိုလ်မှူးကြီးထင်ကျော်စိုး					Military	Male	Bamar	Buddhism	26-Sep-70		First Pyithu Hluttaw	2010	2015
LWMP-01-0441	Lt. Colonel Aung Khine	ဒုဗိုလ်မှူးကြီးအောင်ခိုင်					Military	Male	Bamar	Buddhism	14-Mar-71		First Pyithu Hluttaw	2010	2015
LWMP-01-0442	Lt. Colonel Than Naing	ဒုဗိုလ်မှူးကြီးသန်းနိုင်					Military	Male	Bamar	Buddhism	14-Apr-66		First Pyithu Hluttaw	2010	2015
LWMP-01-0443	Lt. Colonel Thein Win	ဒုဗိုလ်မှူးကြီးသိန်းဝင်း					Military	Male	Bamar	Buddhism	28-Jul-66		First Pyithu Hluttaw	2010	2015
LWMP-01-0444	Lt. Colonel Myo Htoo	ဒုဗိုလ်မှူးကြီးမျိုးထူး					Military	Male	Bamar	Buddhism	23-Apr-71		First Pyithu Hluttaw	2010	2015
LWMP-01-0445	Lt. Colonel Myo Myint Oo	ဒုဗိုလ်မှူးကြီးမျိုးမြင့်ဦး					Military	Male	Bamar	Buddhism	17-Jul-69		First Pyithu Hluttaw	2010	2015
LWMP-01-0446	Lt. Colonel Kyaw Thiha	ဒုဗိုလ်မှူးကြီးကျော်သီဟ					Military	Male	Bamar	Buddhism	26-Nov-63		First Pyithu Hluttaw	2010	2015
LWMP-01-0447	Lt. Colonel Moe Hein	ဒုဗိုလ်မှူးကြီးမိုးဟိန်း					Military	Male	Bamar	Buddhism	30-Sep-69		First Pyithu Hluttaw	2010	2015
LWMP-01-0448	Lt. Colonel Khin Myint	ဒုဗိုလ်မှူးကြီးခင်မြင့်					Military	Male	Bamar	Buddhism	10-Dec-62		First Pyithu Hluttaw	2010	2015
LWMP-01-0449	Major Aung Zaw Moe	ဗိုလ်မှူးအောင်ဇော်မိုး					Military	Male	Bamar	Buddhism	6-Jul-69		First Pyithu Hluttaw	2010	2015
LWMP-01-0450	Major Thet Win Aung	ဗိုလ်မှူးသက်ဝင်းအောင်					Military	Male	Rakhine	Buddhism	1-Aug-69		First Pyithu Hluttaw	2010	2015
LWMP-01-0451	Major Khin Zaw Moe	ဗိုလ်မှူးခင်ဇော်မိုး					Military	Male	Rakhine	Buddhism	16-Aug-68		First Pyithu Hluttaw	2010	2015
LWMP-01-0452	Major Kyaw Linn	ဗိုလ်မှူးကျော်လင်း					Military	Male	Bamar	Buddhism	9-Dec-68		First Pyithu Hluttaw	2010	2015
LWMP-01-0453	Major Htoo Aung	ဗိုလ်မှူးထူးအောင်					Military	Male	Bamar	Buddhism	29-Jul-72		First Pyithu Hluttaw	2010	2015
LWMP-01-0454	Major Aung Myat Toe	ဗိုလ်မှူးအောင်မြတ်တိုး					Military	Male	Bamar	Buddhism	5-Sep-71		First Pyithu Hluttaw	2010	2015
LWMP-01-0455	Major Hla Moe	ဗိုလ်မှူးလှမိုး					Military	Male	Bamar	Buddhism	31-Oct-68		First Pyithu Hluttaw	2010	2015
LWMP-01-0456	Major Soe Linn Aye	ဗိုလ်မှူးစိုးလင်းအေး					Military	Male	Bamar	Buddhism	25-Jun-67		First Pyithu Hluttaw	2010	2015
LWMP-01-0457	Major Wing Aung	ဗိုလ်မှူးဝင်းအောင်					Military	Male	Bamar	Buddhism	26-Apr-78		First Pyithu Hluttaw	2010	2015
LWMP-01-0458	Major Myo Thet Oo	ဗိုလ်မှူးမျိုးသက်ဦး					Military	Male	Bamar	Buddhism	9-Feb-78		First Pyithu Hluttaw	2010	2015
LWMP-01-0459	Major Soe Hlaing Min	ဗိုလ်မှူးစိုးလှိုင်မင်း					Military	Male	Rakhine	Buddhism	21-Nov-78		First Pyithu Hluttaw	2010	2015
LWMP-01-0460	Major Aung Kyaw Hnin	ဗိုလ်မှူးအောင်ကျော်နှင်း					Military	Male	Bamar	Buddhism	20-Jun-68		First Pyithu Hluttaw	2010	2015
LWMP-01-0461	Major Than Zaw Oo	ဗိုလ်မှူးသန်းဇော်ဦး					Military	Male	Rakhine	Buddhism	22-Dec-66		First Pyithu Hluttaw	2010	2015
LWMP-01-0462	Major Kyaw Kyaw Htet	ဗိုလ်မှူးကျော်ကျော်ထက်					Military	Male	Bamar	Buddhism	25-Mar-76		First Pyithu Hluttaw	2010	2015
LWMP-01-0463	Major Thaw Zin	ဗိုလ်မှူးသော်ဇင်					Military	Male	Bamar	Buddhism	15-Oct-76		First Pyithu Hluttaw	2010	2015
LWMP-01-0464	Major Soe Linn Maung	ဗိုလ်မှူးစိုးလင်းမောင်					Military	Male	Bamar	Buddhism	10-Apr-79		First Pyithu Hluttaw	2010	2015
LWMP-01-0465	Mjaor Myat Thein	ဗိုလ်မှူးမြတ်သိန်း					Military	Male	Bamar	Buddhism	16-Jan-76		First Pyithu Hluttaw	2010	2015
LWMP-01-0466	Major Soe Thu	ဗိုလ်မှူးစိုးသူ					Military	Male	Bamar	Buddhism	13-Jun-72		First Pyithu Hluttaw	2010	2015
LWMP-01-0467	Major Tin Aung Win	ဗိုလ်မှူးတင်အောင်ဝင်း					Military	Male	Bamar	Buddhism	2-Sep-72		First Pyithu Hluttaw	2010	2015
LWMP-01-0468	Major Htin Aung Kyaw	ဗိုလ်မှူးထင်အောင်ကျော်					Military	Male	Bamar	Buddhism	15-Jan-72		First Pyithu Hluttaw	2010	2015
LWMP-01-0469	Major Kyaw Myint Aung	ဗိုလ်မှူးကျော်မြင့်အောင်					Military	Male	Bamar	Buddhism	25-Sep-70		First Pyithu Hluttaw	2010	2015
LWMP-01-0470	Major Myat Ko	ဗိုလ်မှူးမြတ်ကို					Military	Male	Bamar	Buddhism	29-Apr-76		First Pyithu Hluttaw	2010	2015
LWMP-01-0471	Major Aung Paing Oo	ဗိုလ်မှူးအောင်ပိုင်ဦး					Military	Male	Mon	Buddhism	10-Nov-72		First Pyithu Hluttaw	2010	2015
LWMP-01-0472	Mjaor Zaw Naing Oo	ဗိုလ်မှူးဇော်နိုင်ဦး					Military	Male	Bamar	Buddhism	15-Mar-69		First Pyithu Hluttaw	2010	2015
LWMP-01-0473	Major Kyaw Niang Tun	ဗိုလ်မှူးကျော်နိုင်ထွန်း					Military	Male	Bamar	Buddhism	30-Apr-71		First Pyithu Hluttaw	2010	2015
LWMP-01-0474	Major Tin Tun	ဗိုလ်မှူးတင်ထွန်း					Military	Male	Bamar	Buddhism	24-Jan-70		First Pyithu Hluttaw	2010	2015
LWMP-01-0475	Major Myint Maung	ဗိုလ်မှူးမြင့်မောင်					Military	Male	Bamar	Buddhism	5-Feb-69		First Pyithu Hluttaw	2010	2015
LWMP-01-0476	Major Tun Tun Min	ဗိုလ်မှူးထွန်းထွန်းမင်း					Military	Male	Bamar	Buddhism	17-Jun-72		First Pyithu Hluttaw	2010	2015
LWMP-01-0477	Major Soe Thein Htut	ဗိုလ်မှူးစိုးသိန်းထွဋ်					Military	Male	Bamar	Buddhism	15-Jun-71		First Pyithu Hluttaw	2010	2015
LWMP-01-0478	Major Zin Linn	ဗိုလ်မှူးဇင်လင်း					Military	Male	Bamar	Buddhism	25-Apr-67		First Pyithu Hluttaw	2010	2015
LWMP-01-0479	Major Moe Thu	ဗိုလ်မှူးမိုးသူ					Military	Male	Bamar	Buddhism	20-Aug-70		First Pyithu Hluttaw	2010	2015
LWMP-01-0480	Major Zaw Win Naing	ဗိုလ်မှူးဇော်ဝင်းနိုင်					Military	Male	Bamar	Buddhism	4-Apr-69		First Pyithu Hluttaw	2010	2015
LWMP-01-0481	Major Kyaw Min Zaw	ဗိုလ်မှူးကျော်မင်းဇော်					Military	Male	Bamar	Buddhism	17-Jul-67		First Pyithu Hluttaw	2010	2015
LWMP-01-0482	Major Zaw Zaw Moe	ဗိုလ်မှူးဇော်ဇော်မိုး					Military	Male	Bamar	Buddhism	6-Apr-68		First Pyithu Hluttaw	2010	2015
LWMP-01-0483	Major Khin Soe	ဗိုလ်မှူးခင်စိုး					Military	Male	Bamar	Buddhism	10-Apr-65		First Pyithu Hluttaw	2010	2015
LWMP-01-0484	Major Thein Zaw Win	ဗိုလ်မှူးသိန်းဇော်ဝင်း					Military	Male	Bamar	Buddhism	28-Jul-67		First Pyithu Hluttaw	2010	2015
LWMP-01-0485	Major Sein Tun	ဗိုလ်မှူးစိန်ထွန်း					Military	Male	Bamar	Buddhism	28-Mar-63		First Pyithu Hluttaw	2010	2015
LWMP-01-0486	Major Nay Win	ဗိုလ်မှူးနေဝင်း					Military	Male	Bamar	Buddhism	27-Apr-68		First Pyithu Hluttaw	2010	2015
LWMP-01-0487	Major Thein Aung	ဗိုလ်မှူးသိန်းအောင်					Military	Male	Rakhine	Buddhism	31-Jan-64		First Pyithu Hluttaw	2010	2015
LWMP-01-0488	Major Myat Moe	ဗိုလ်မှူးမြတ်မိုး					Military	Male	Bamar	Buddhism	8-Nov-64		First Pyithu Hluttaw	2010	2015
LWMP-01-0489	Major Lay Niang	ဗိုလ်မှူးလေးနိုင်					Military	Male	Bamar	Buddhism	27-Apr-66		First Pyithu Hluttaw	2010	2015
LWMP-01-0490	Major-Capt Yar Zar Tun	ဗိုလ်မှူး-ဗိုလ်ကြီးရာဇာထွန်း					Military	Male	Rakhine	Buddhism	12-Jun-80		First Pyithu Hluttaw	2010	2015
LWMP-01-0491	Major-Capt Oak Soe Hlaing	ဗိုလ်မှူး-ဗိုလ်ကြီးအုပ်စိုးလှိုင်					Military	Male	Bamar	Buddhism	5-Jul-79		First Pyithu Hluttaw	2010	2015
LWMP-01-0492	Major-Capt Aung Myat Htay	ဗိုလ်မှူး-ဗိုလ်ကြီးအောင်မြတ်ဌေး					Military	Male	Bamar	Buddhism	27-Nov-79		First Pyithu Hluttaw	2010	2015
LWMP-01-0493	Mjaor-Capt Thet Moe Aung	ဗိုလ်မှူး-ဗိုလ်ကြီးသက်မိုးအောင်					Military	Male	Bamar	Buddhism	15-Jun-80		First Pyithu Hluttaw	2010	2015
LWMP-01-0494	Major-Capt Yan Naing	ဗိုလ်မှူး-ဗိုလ်ကြီးရန်နိုင်					Military	Male	Bamar	Buddhism	21-Apr-77		First Pyithu Hluttaw	2010	2015
LWMP-01-0495	Major-Capt Kyaw Soe Min	ဗိုလ်မှူး-ဗိုလ်ကြီးကျော်စိုးမင်း					Military	Male	Bamar	Buddhism	18-Apr-77		First Pyithu Hluttaw	2010	2015
LWMP-01-0496	Major-Capt Kyaw Lwin Oo	ဗိုလ်မှူး-ဗိုလ်ကြီးကျော်လင်းဦး					Military	Male	Bamar	Buddhism	16-Apr-79		First Pyithu Hluttaw	2010	2015
LWMP-01-0497	Major-Capt Soe Win Naing	ဗိုလ်မှူး-ဗိုလ်ကြီးစိုးဝင်းနိုင်					Military	Male	Bamar	Buddhism	12-Jun-80		First Pyithu Hluttaw	2010	2015
LWMP-01-0498	Major-Capt Hein Htet Aung	ဗိုလ်မှူး-ဗိုလ်ကြီးဟိန်းထက်အောင်					Military	Male	Bamar	Buddhism	27-Jul-79		First Pyithu Hluttaw	2010	2015
LWMP-01-0499	Major-Capt Aung Naing Win	ဗိုလ်မှူး-ဗိုလ်ကြီးအောင်နိုင်ဝင်း					Military	Male	Bamar	Buddhism	16-Dec-79		First Pyithu Hluttaw	2010	2015
LWMP-01-0500	Major-Capt Kyaw Kyaw Oo	ဗိုလ်မှူး-ဗိုလ်ကြီးကျော်ကျော်ဦး					Military	Male	Bamar	Buddhism	8-Mar-80		First Pyithu Hluttaw	2010	2015
LWMP-01-0501	Major-Capt Kyaw Myo Tun	ဗိုလ်မှူး-ဗိုလ်ကြီးကျော်မျိုးထွန်း					Military	Male	Bamar	Buddhism	24-Jan-79		First Pyithu Hluttaw	2010	2015
LWMP-01-0502	Major-Capt Soe Thura	ဗိုလ်မှူး-ဗိုလ်ကြီးစိုးသူရ					Military	Male	Bamar	Buddhism	20-Jul-79		First Pyithu Hluttaw	2010	2015
LWMP-01-0503	Major-Capt Aung Kyaw Soe	ဗိုလ်မှူး-ဗိုလ်ကြီးအောင်ကျော်စိုး					Military	Male	Bamar	Buddhism	4-Nov-80		First Pyithu Hluttaw	2010	2015
LWMP-01-0504	Major-Capt Nine Khine	ဗိုလ်မှူး-ဗိုလ်ကြီးနိုင်ခိုင်					Military	Male	Bamar	Buddhism	17-Apr-80		First Pyithu Hluttaw	2010	2015
LWMP-01-0505	Major-Capt Sein Myint	ဗိုလ်မှူး-ဗိုလ်ကြီးစိန်မြင့်					Military	Male	Bamar	Buddhism	30-Jun-80		First Pyithu Hluttaw	2010	2015
LWMP-01-0506	Major-Capt Ko Ko Naing	ဗိုလ်မှူး-ဗိုလ်ကြီးကိုကိုနိုင်					Military	Male	Bamar	Buddhism	5-Jan-68		First Pyithu Hluttaw	2010	2015
LWMP-01-0507	Captain Hnin Soe	ဗိုလ်ကြီးနှင်းစိုး					Military	Male	Bamar	Buddhism	22-Feb-77		First Pyithu Hluttaw	2010	2015
LWMP-01-0508	Captain Tin Lin	ဗိုလ်ကြီးတင်လင်း					Military	Male	Bamar	Buddhism	23-Jan-73		First Pyithu Hluttaw	2010	2015
